,,,,,,Assists,Assists,Assists,Assists,Total,Total,Total,Short,Short,Short,Medium,Medium,Medium,Long,Long,Long,,,,,,,,,,
Rk,Player,Nation,Pos,Squad,90s,Ast,xA,A-xA,KP,Cmp,Att,Cmp%,Cmp,Att,Cmp%,Cmp,Att,Cmp%,Cmp,Att,Cmp%,Left,Right,FK,TB,CK,TI,1/3,PPA,CrsPA,Matches
1,Suleiman Abdullahi\Suleiman-Abdullahi,ng NGA,FW,Union Berlin,1.1,0,0.0,0.0,0,11,25,44.0,0,2,0.0,10,20,50.0,1,3,33.3,5,13,0,0,0,0,1,0,0,Matches
2,David Abraham\David-Abraham,ar ARG,DF,Eint Frankfurt,7.6,0,0.1,-0.1,2,275,338,81.4,3,8,37.5,172,198,86.9,100,132,75.8,48,244,4,0,0,18,35,4,0,Matches
3,Amir Abrashi\Amir-Abrashi,al ALB,MF,Freiburg,2.4,0,0.0,0.0,2,87,102,85.3,6,9,66.7,74,79,93.7,7,14,50.0,11,87,3,0,0,0,4,1,1,Matches
4,Tyler Adams\Tyler-Adams,us USA,MF,RB Leipzig,1.0,0,0.0,0.0,0,57,66,86.4,0,0,,48,54,88.9,9,12,75.0,2,48,4,0,0,12,1,0,0,Matches
5,Sargis Adamyan\Sargis-Adamyan,am ARM,FWMF,Hoffenheim,7.4,1,0.3,+0.7,5,118,159,74.2,4,11,36.4,99,127,78.0,15,21,71.4,24,109,0,0,0,6,4,2,1,Matches
6,Manuel Akanji\Manuel-Akanji,ch SUI,MF,Dortmund,15.2,0,0.5,-0.5,1,989,1077,91.8,6,15,40.0,671,709,94.6,312,353,88.4,224,783,29,1,0,15,80,1,0,Matches
7,Kevin Akpoguma\Kevin-Akpoguma,de GER,DF,Hoffenheim,7.7,0,0.0,0.0,1,426,481,88.6,2,2,100.0,349,371,94.1,75,108,69.4,48,415,9,1,0,4,11,0,0,Matches
8,David Alaba\David-Alaba,at AUT,DFMF,Bayern Munich,11.9,1,1.5,-0.5,13,971,1077,90.2,5,14,35.7,711,757,93.9,255,306,83.3,892,113,16,3,4,44,117,12,5,Matches
9,Lucas Alario\Lucas-Alario,ar ARG,FW,Bayer,7.5,1,1.9,-0.9,12,139,190,73.2,14,23,60.9,106,142,74.6,19,25,76.0,19,140,1,2,0,1,4,4,0,Matches
10,Paco Alcácer\Paco-Alcacer,es ESP,FW,Dortmund,5.9,1,1.0,0.0,5,84,112,75.0,4,8,50.0,75,92,81.5,5,12,41.7,15,85,0,0,1,0,2,2,0,Matches
11,Thiago Alcántara\Thiago-Alcantara,es ESP,MF,Bayern Munich,10.9,0,0.5,-0.5,11,865,959,90.2,15,26,57.7,602,645,93.3,248,288,86.1,70,853,32,1,3,0,102,7,0,Matches
12,Nadiem Amiri\Nadiem-Amiri,de GER,MF,Bayer,11.8,1,3.5,-2.5,37,480,617,77.8,21,36,58.3,360,407,88.5,99,174,56.9,83,509,31,4,49,7,44,8,1,Matches
13,Ethan Ampadu\Ethan-Ampadu,wal WAL,MF,RB Leipzig,0.5,0,0.0,0.0,0,45,49,91.8,1,1,100.0,32,34,94.1,12,14,85.7,9,37,0,1,0,0,3,0,0,Matches
14,Opoku Ampomah\Opoku-Ampomah,gh GHA,MF,Düsseldorf,3.3,0,0.2,-0.2,6,40,69,58.0,0,3,0.0,31,48,64.6,9,18,50.0,12,53,2,0,1,1,5,2,0,Matches
15,Sebastian Andersson\Sebastian-Andersson,se SWE,FW,Union Berlin,15.5,0,0.6,-0.6,9,259,430,60.2,10,27,37.0,225,358,62.8,24,45,53.3,29,207,0,0,0,0,28,6,2,Matches
16,Robert Andrich\Robert-Andrich,de GER,MF,Union Berlin,16.0,1,0.8,+0.2,15,514,705,72.9,15,34,44.1,395,487,81.1,104,184,56.5,137,467,11,2,1,2,58,17,2,Matches
17,Christopher Antwi-Adjei\Christopher-Antwi-Adjei,gh GHA,MF,Paderborn 07,11.7,1,1.7,-0.7,19,280,380,73.7,6,20,30.0,227,283,80.2,47,77,61.0,65,248,3,3,16,41,13,13,2,Matches
18,Charles Aránguiz\Charles-Aranguiz,cl CHI,MF,Bayer,14.2,2,1.4,+0.6,16,845,979,86.3,6,24,25.0,682,740,92.2,157,215,73.0,156,776,21,0,0,1,83,4,0,Matches
19,Maximilian Arnold\Maximilian-Arnold,de GER,MF,Wolfsburg,15.8,2,3.9,-1.9,40,574,785,73.1,13,30,43.3,373,433,86.1,188,322,58.4,594,145,78,6,51,11,48,10,5,Matches
20,Ludwig Augustinsson\Ludwig-Augustinsson,se SWE,DF,Werder Bremen,5.7,1,0.6,+0.4,11,207,290,71.4,1,14,7.1,178,205,86.8,28,71,39.4,201,17,7,0,9,52,7,5,3,Matches
21,Taiwo Awoniyi\Taiwo-Awoniyi,ng NGA,FW,Mainz 05,1.7,0,0.1,-0.1,1,15,26,57.7,0,5,0.0,15,20,75.0,0,1,0.0,12,6,0,0,0,0,2,0,0,Matches
22,Kaan Ayhan\Kaan-Ayhan,tr TUR,DFMF,Düsseldorf,15.9,2,1.4,+0.6,9,620,735,84.4,5,16,31.3,396,426,93.0,219,293,74.7,64,638,30,4,0,8,56,5,0,Matches
23,Matthias Bader\Matthias-Bader,de GER,DF,Köln,0.1,0,0.0,0.0,0,4,7,57.1,0,0,,4,4,100.0,0,3,0.0,1,3,1,0,0,3,0,0,0,Matches
24,Daniel Baier\Daniel-Baier,de GER,MF,Augsburg,11.7,0,0.3,-0.3,4,344,449,76.6,2,12,16.7,234,281,83.3,108,156,69.2,32,369,18,2,0,1,31,6,0,Matches
25,Leon Bailey\Leon-Bailey,jm JAM,FW,Bayer,5.0,1,1.5,-0.5,10,153,221,69.2,4,11,36.4,116,148,78.4,33,62,53.2,163,45,6,3,8,5,6,11,2,Matches
26,Lewis Baker\Lewis-Baker,eng ENG,MF,Düsseldorf,6.1,0,0.3,-0.3,6,184,230,80.0,6,11,54.5,128,152,84.2,50,67,74.6,79,141,7,0,2,0,21,3,0,Matches
27,Ridle Baku\Ridle-Baku,de GER,MF,Mainz 05,11.1,0,1.0,-1.0,10,365,478,76.4,7,18,38.9,268,332,80.7,90,128,70.3,74,349,8,0,0,30,33,5,1,Matches
28,Leonardo Balerdi\Leonardo-Balerdi,ar ARG,DF,Dortmund,0.1,0,0.0,0.0,0,17,17,100.0,0,0,,16,16,100.0,1,1,100.0,1,16,0,0,0,0,1,0,0,Matches
29,Philipp Bargfrede\Philipp-Bargfrede,de GER,MF,Werder Bremen,4.0,0,0.0,0.0,1,138,180,76.7,1,3,33.3,106,130,81.5,31,47,66.0,31,132,3,1,0,0,24,2,0,Matches
30,Aymen Barkok\Aymen-Barkok,de GER,MF,Düsseldorf,0.9,0,0.0,0.0,0,17,29,58.6,0,1,0.0,13,21,61.9,4,7,57.1,4,21,1,0,0,0,3,0,0,Matches
31,Leandro Barreiro Martins\Leandro-Barreiro-Martins,lu LUX,MF,Mainz 05,0.6,0,0.1,-0.1,1,12,13,92.3,0,0,,10,11,90.9,2,2,100.0,3,8,0,0,0,0,0,0,0,Matches
32,Fin Bartels\Fin-Bartels,de GER,FWMF,Werder Bremen,0.4,0,0.0,0.0,0,21,28,75.0,0,0,,15,19,78.9,6,9,66.7,1,21,0,0,0,1,1,0,0,Matches
33,Oliver Baumann\Oliver-Baumann,de GER,GK,Hoffenheim,17.0,0,0.0,0.0,1,639,815,78.4,9,9,100.0,391,392,99.7,239,414,57.7,145,538,73,0,0,0,8,0,0,Matches
34,Julian Baumgartlinger\Julian-Baumgartlinger,at AUT,DFMF,Bayer,10.5,1,0.8,+0.2,7,571,635,89.9,13,23,56.5,471,508,92.7,87,104,83.7,142,455,25,1,2,2,35,5,0,Matches
35,Christoph Baumgartner\Christoph-Baumgartner,at AUT,MF,Hoffenheim,3.1,1,0.3,+0.7,4,69,106,65.1,2,4,50.0,52,74,70.3,15,28,53.6,8,81,1,1,4,2,5,2,0,Matches
36,Ihlas Bebou\Ihlas-Bebou,tg TOG,FWMF,Hoffenheim,14.2,0,2.3,-2.3,22,282,426,66.2,12,41,29.3,239,318,75.2,31,67,46.3,26,330,1,3,0,6,23,12,2,Matches
37,Sheraldo Becker\Sheraldo-Becker,nl NED,MF,Union Berlin,5.3,2,0.8,+1.2,7,73,122,59.8,2,8,25.0,53,82,64.6,18,32,56.3,20,87,0,0,0,1,2,3,2,Matches
38,Timo Becker\Timo-Becker,de GER,DF,Schalke 04,0.0,0,0.0,0.0,0,0,0,,0,0,,0,0,,0,0,,0,0,0,0,0,0,0,0,0,Matches
39,Ishak Belfodil\Ishak-Belfodil,dz ALG,FW,Hoffenheim,3.0,0,0.2,-0.2,5,49,65,75.4,2,7,28.6,41,48,85.4,6,10,60.0,7,49,0,0,0,0,4,2,0,Matches
40,Karim Bellarabi\Karim-Bellarabi,de GER,FWMF,Bayer,9.9,1,2.2,-1.2,13,313,448,69.9,4,31,12.9,255,311,82.0,54,106,50.9,38,362,0,1,0,35,15,9,2,Matches
41,Lars Bender\Lars-Bender,de GER,MF,Bayer,9.7,0,0.7,-0.7,12,620,730,84.9,13,29,44.8,506,567,89.2,101,134,75.4,69,520,6,1,0,111,34,8,1,Matches
42,Sven Bender\Sven-Bender,de GER,MF,Bayer,16.3,0,0.0,0.0,1,1267,1370,92.5,5,9,55.6,863,912,94.6,399,449,88.9,281,1001,34,1,0,1,32,2,0,Matches
43,László Bénes\Laszlo-Benes,sk SVK,MF,M'gladbach,9.1,4,2.3,+1.7,19,346,457,75.7,5,15,33.3,237,283,83.7,104,159,65.4,368,48,30,3,28,9,52,7,0,Matches
44,Ramy Bensebaini\Ramy-Bensebaini,dz ALG,DFMF,M'gladbach,7.1,0,0.3,-0.3,4,302,380,79.5,3,17,17.6,242,277,87.4,57,86,66.3,240,61,14,1,0,64,17,1,1,Matches
45,Louis Beyer\Louis-Beyer,de GER,DF,M'gladbach,1.2,0,0.0,0.0,0,33,41,80.5,2,2,100.0,23,27,85.2,8,12,66.7,3,29,0,0,0,6,0,0,0,Matches
46,Ermin Bičakčić\Ermin-Bicakcic,ba BIH,DF,Hoffenheim,6.9,0,0.4,-0.4,1,360,405,88.9,3,8,37.5,276,292,94.5,81,105,77.1,119,259,5,1,0,3,23,4,0,Matches
47,Leonardo Bittencourt\Leonardo-Bittencourt,de GER,MF,Hoffenheim,0.0,0,0.0,0.0,0,2,3,66.7,0,0,,2,3,66.7,0,0,,0,3,0,0,0,0,0,0,0,Matches
48,Leonardo Bittencourt\Leonardo-Bittencourt,de GER,MF,Werder Bremen,11.0,0,1.5,-1.5,17,319,416,76.7,13,27,48.1,261,311,83.9,45,78,57.7,82,293,5,2,10,15,24,11,3,Matches
49,Jérôme Boateng\Jerome-Boateng,de GER,DF,Bayern Munich,6.5,0,0.3,-0.3,1,487,549,88.7,0,2,0.0,302,321,94.1,185,226,81.9,162,360,12,3,0,1,39,5,0,Matches
50,Adam Bodzek\Adam-Bodzek,de GER,DFMF,Düsseldorf,13.3,0,0.2,-0.2,4,345,406,85.0,3,7,42.9,231,266,86.8,111,133,83.5,21,342,15,0,0,2,36,3,0,Matches
51,Jean-Paul Boëtius\Jean-Paul-Boetius,nl NED,FWMF,Mainz 05,16.4,5,2.4,+2.6,25,429,578,74.2,12,32,37.5,325,406,80.0,92,140,65.7,93,449,4,4,0,5,55,16,1,Matches
52,Robin Bormuth\Robin-Bormuth,de GER,DF,Düsseldorf,2.0,0,0.0,0.0,0,59,74,79.7,0,1,0.0,38,44,86.4,21,29,72.4,13,51,3,0,0,0,3,0,0,Matches
53,Sebastiaan Bornauw\Sebastiaan-Bornauw,be BEL,DF,Köln,15.9,0,0.3,-0.3,2,563,696,80.9,1,3,33.3,313,349,89.7,249,344,72.4,78,567,19,1,0,2,39,1,0,Matches
54,Brandon Borrello\Brandon-Borrello,au AUS,FW,Freiburg,3.3,0,0.3,-0.3,2,59,76,77.6,1,4,25.0,52,62,83.9,6,10,60.0,16,53,0,0,0,0,1,1,0,Matches
55,Nassim Boujellab\Nassim-Boujellab,de GER,FW,Schalke 04,0.1,0,0.0,0.0,0,2,2,100.0,0,0,,1,1,100.0,1,1,100.0,0,1,0,1,0,0,1,0,0,Matches
56,Dedryck Boyata\Dedryck-Boyata,be BEL,DF,Hertha BSC,13.6,1,0.8,+0.2,1,519,568,91.4,4,9,44.4,315,332,94.9,200,227,88.1,107,433,9,0,0,1,21,1,0,Matches
57,Julian Brandt\Julian-Brandt,de GER,MF,Dortmund,11.7,1,2.2,-1.2,17,633,764,82.9,15,42,35.7,482,555,86.8,136,167,81.4,111,626,7,8,0,2,48,35,1,Matches
58,Josip Brekalo\Josip-Brekalo,hr CRO,FW,Wolfsburg,7.8,3,2.8,+0.2,21,256,379,67.5,5,28,17.9,193,238,81.1,58,113,51.3,32,321,7,4,23,12,19,18,3,Matches
59,John Brooks\John-Brooks,us USA,DF,Wolfsburg,11.0,1,0.1,+0.9,2,401,491,81.7,4,11,36.4,234,273,85.7,163,207,78.7,359,71,25,0,0,1,20,1,0,Matches
60,Daniel Brosinski\Daniel-Brosinski,de GER,DFMF,Mainz 05,10.7,2,2.0,0.0,24,400,615,65.0,2,15,13.3,264,323,81.7,134,277,48.4,24,447,27,0,27,125,33,14,3,Matches
61,Jeffrey Bruma\Jeffrey-Bruma,nl NED,DF,Wolfsburg,9.0,0,0.0,0.0,0,268,306,87.6,2,5,40.0,173,189,91.5,93,112,83.0,44,227,19,0,0,0,5,0,0,Matches
62,Jacob Bruun Larsen\Jacob-Bruun-Larsen,dk DEN,MF,Dortmund,0.7,1,0.3,+0.7,1,22,27,81.5,1,3,33.3,18,21,85.7,3,3,100.0,8,16,0,0,0,0,3,0,0,Matches
63,Marius Bülter\Marius-Bulter,de GER,MF,Union Berlin,12.2,0,1.7,-1.7,11,199,299,66.6,3,21,14.3,170,218,78.0,26,60,43.3,87,175,0,1,0,5,10,5,3,Matches
64,Guido Burgstaller\Guido-Burgstaller,at AUT,MF,Schalke 04,10.9,1,0.6,+0.4,5,161,237,67.9,9,26,34.6,135,182,74.2,17,29,58.6,68,123,0,2,0,1,11,5,0,Matches
65,Jonathan Burkardt\Jonathan-Burkardt,de GER,FW,Mainz 05,1.0,0,0.0,0.0,0,17,22,77.3,2,3,66.7,11,12,91.7,4,7,57.1,3,15,1,0,0,2,0,0,0,Matches
66,Roman Bürki\Roman-Burki,ch SUI,GK,Dortmund,13.8,0,0.0,0.0,0,386,487,79.3,4,4,100.0,232,233,99.6,150,250,60.0,98,312,27,0,0,0,2,0,0,Matches
67,Daniel Caligiuri\Daniel-Caligiuri,it ITA,MF,Schalke 04,15.1,1,2.9,-1.9,27,396,619,64.0,11,50,22.0,316,422,74.9,69,147,46.9,77,481,36,2,42,7,28,14,1,Matches
68,Koen Casteels\Koen-Casteels,be BEL,GK,Wolfsburg,9.0,0,0.0,0.0,1,240,344,69.8,1,1,100.0,109,110,99.1,130,233,55.8,216,57,25,0,0,0,7,0,0,Matches
69,Timothy Chandler\Timothy-Chandler,us USA,DFMF,Eint Frankfurt,4.5,1,0.7,+0.3,8,121,187,64.7,1,9,11.1,85,118,72.0,35,60,58.3,25,102,1,0,0,38,10,6,3,Matches
70,Kwon Chang-hoon\Kwon-Chang-hoon,kr KOR,MF,Freiburg,1.8,0,0.3,-0.3,3,52,71,73.2,1,2,50.0,44,55,80.0,7,14,50.0,54,9,1,0,0,0,4,1,0,Matches
71,Darko Churlinov\Darko-Churlinov,mk MKD,MF,Köln,0.2,0,0.0,0.0,1,7,11,63.6,0,2,0.0,6,8,75.0,1,1,100.0,5,6,0,0,0,0,0,0,0,Matches
72,Per Ciljan Skjelbred\Per-Ciljan-Skjelbred,no NOR,MF,Hertha BSC,9.9,0,0.0,0.0,0,368,431,85.4,3,12,25.0,268,309,86.7,97,110,88.2,20,381,14,0,0,1,32,1,0,Matches
73,Jamilu Collins\Jamilu-Collins,ng NGA,DF,Paderborn 07,16.0,2,0.9,+1.1,10,739,969,76.3,5,47,10.6,598,693,86.3,136,229,59.4,651,96,5,1,0,178,70,6,3,Matches
74,Kingsley Coman\Kingsley-Coman,fr FRA,FWMF,Bayern Munich,9.8,1,2.6,-1.6,18,360,464,77.6,1,16,6.3,305,367,83.1,54,81,66.7,96,354,0,0,1,2,10,18,6,Matches
75,Jhon Córdoba\Jhon-Cordoba,co COL,FW,Köln,9.1,0,0.9,-0.9,7,137,174,78.7,4,9,44.4,114,140,81.4,19,25,76.0,22,121,0,0,0,0,4,3,0,Matches
76,Sergio Córdova\Sergio-Cordova,ve VEN,FW,Augsburg,2.9,1,0.8,+0.2,3,37,54,68.5,3,6,50.0,27,38,71.1,7,10,70.0,10,31,0,1,0,0,6,0,0,Matches
77,Danny da Costa\Danny-da-Costa,de GER,DF,Eint Frankfurt,10.3,3,2.4,+0.6,16,251,409,61.4,0,27,0.0,198,277,71.5,53,105,50.5,53,248,1,2,0,83,16,11,6,Matches
78,Philippe Coutinho\Philippe-Coutinho,br BRA,FWMF,Bayern Munich,10.9,5,2.9,+2.1,24,478,585,81.7,8,23,34.8,373,421,88.6,97,141,68.8,44,515,10,5,16,6,86,23,1,Matches
79,Mickaël Cuisance\Mickael-Cuisance,fr FRA,MF,Bayern Munich,0.3,0,0.0,0.0,0,18,24,75.0,0,1,0.0,13,15,86.7,5,8,62.5,21,3,0,0,3,0,2,1,0,Matches
80,Matheus Cunha\Matheus-Cunha,br BRA,,RB Leipzig,3.0,1,0.3,+0.7,3,74,96,77.1,2,7,28.6,62,76,81.6,10,13,76.9,12,73,0,0,0,1,6,5,2,Matches
81,Rafael Czichos\Rafael-Czichos,de GER,DF,Köln,14.4,0,0.4,-0.4,3,565,667,84.7,3,9,33.3,350,385,90.9,212,273,77.7,512,88,31,2,0,4,35,2,0,Matches
82,Mahmoud Dahoud\Mahmoud-Dahoud,de GER,MF,Dortmund,2.8,0,0.2,-0.2,5,228,252,90.5,1,5,20.0,184,193,95.3,43,54,79.6,25,217,4,0,0,0,21,6,0,Matches
83,Leon Dajaku\Leon-Dajaku,de GER,FW,Bayern Munich,0.0,0,0.0,0.0,0,0,0,,0,0,,0,0,,0,0,,0,0,0,0,0,0,0,0,0,Matches
84,Vladimír Darida\Vladimir-Darida,cz CZE,MF,Hertha BSC,14.0,3,2.3,+0.7,27,491,646,76.0,3,28,10.7,347,403,86.1,141,215,65.6,140,466,19,3,16,8,47,10,3,Matches
85,Alphonso Davies\Alphonso-Davies,ca CAN,FW,Bayern Munich,10.1,2,1.5,+0.5,13,648,744,87.1,11,30,36.7,540,592,91.2,97,122,79.5,534,89,12,1,0,95,44,14,7,Matches
86,Thomas Delaney\Thomas-Delaney,dk DEN,MF,Dortmund,5.3,0,0.0,0.0,1,259,307,84.4,3,6,50.0,203,227,89.4,53,74,71.6,244,38,7,0,0,1,18,0,0,Matches
87,Kerem Demirbay\Kerem-Demirbay,de GER,MF,Bayer,8.4,2,1.7,+0.3,19,428,560,76.4,9,21,42.9,324,376,86.2,95,163,58.3,437,93,25,1,49,5,41,3,0,Matches
88,Diego Demme\Diego-Demme,de GER,DFMF,RB Leipzig,13.5,0,1.0,-1.0,12,933,1076,86.7,13,35,37.1,757,830,91.2,163,211,77.3,179,853,32,4,0,2,85,15,1,Matches
89,Moussa Diaby\Moussa-Diaby,fr FRA,MF,Bayer,6.3,0,0.9,-0.9,8,166,225,73.8,7,15,46.7,138,169,81.7,21,41,51.2,141,71,0,0,0,8,11,3,2,Matches
90,Javairô Dilrosun\Javairo-Dilrosun,nl NED,FW,Hertha BSC,9.1,2,1.1,+0.9,8,174,250,69.6,3,15,20.0,140,175,80.0,31,60,51.7,179,40,3,0,4,6,17,6,2,Matches
91,Bas Dost\Bas-Dost,nl NED,FW,Eint Frankfurt,8.5,0,0.4,-0.4,6,139,242,57.4,4,14,28.6,113,189,59.8,22,39,56.4,22,125,0,1,0,0,16,1,0,Matches
92,Mohamed Dräger\Mohamed-Drager,tn TUN,MF,Paderborn 07,9.4,3,0.6,+2.4,4,375,491,76.4,13,37,35.1,256,316,81.0,106,138,76.8,33,332,7,1,0,100,16,5,0,Matches
93,Aleksandar Dragović\Aleksandar-Dragovic,at AUT,DFMF,Bayer,6.0,0,0.0,0.0,0,450,498,90.4,3,7,42.9,294,318,92.5,153,173,88.4,75,393,9,0,0,9,36,0,0,Matches
94,Dominick Drexler\Dominick-Drexler,de GER,FW,Köln,10.6,1,1.8,-0.8,12,285,395,72.2,5,22,22.7,242,302,80.1,38,71,53.5,21,337,5,1,0,13,21,14,3,Matches
95,Ondrej Duda\Ondrej-Duda,sk SVK,MF,Hertha BSC,5.0,1,0.4,+0.6,6,152,192,79.2,4,13,30.8,121,134,90.3,27,45,60.0,19,160,11,2,3,2,18,4,0,Matches
96,Erik Durm\Erik-Durm,de GER,DFFW,Eint Frankfurt,4.7,0,0.1,-0.1,2,138,210,65.7,5,17,29.4,113,142,79.6,20,51,39.2,38,120,1,0,1,41,4,3,0,Matches
97,Johannes Eggestein\Johannes-Eggestein,de GER,FW,Werder Bremen,4.8,0,0.5,-0.5,6,120,166,72.3,2,14,14.3,109,127,85.8,9,25,36.0,40,112,1,0,2,2,2,3,0,Matches
98,Maximilian Eggestein\Maximilian-Eggestein,de GER,MF,Werder Bremen,15.7,2,1.2,+0.8,19,564,717,78.7,13,47,27.7,450,528,85.2,101,142,71.1,112,528,16,1,0,34,60,18,3,Matches
99,Kingsley Ehizibue\Kingsley-Ehizibue,nl NED,DF,Köln,12.4,0,0.4,-0.4,9,405,546,74.2,4,20,20.0,299,357,83.8,102,169,60.4,33,382,7,0,0,104,25,6,0,Matches
100,Nico Elvedi\Nico-Elvedi,ch SUI,DF,M'gladbach,14.7,0,0.0,0.0,0,785,848,92.6,5,10,50.0,521,564,92.4,259,274,94.5,236,531,36,0,0,1,24,0,0,Matches
101,Breel Embolo\Breel-Embolo,ch SUI,FWMF,M'gladbach,10.0,2,2.7,-0.7,10,163,224,72.8,8,24,33.3,137,170,80.6,18,30,60.0,22,175,1,0,0,1,10,4,1,Matches
102,Alexander Esswein\Alexander-Esswein,de GER,FWMF,Hertha BSC,0.3,0,0.0,0.0,0,3,4,75.0,0,0,,3,3,100.0,0,1,0.0,1,2,0,0,0,0,2,0,0,Matches
103,Simon Falette\Simon-Falette,gn GUI,DF,Eint Frankfurt,1.0,0,0.0,0.0,1,46,57,80.7,1,2,50.0,23,25,92.0,22,30,73.3,49,6,4,0,0,0,5,0,0,Matches
104,Ohis Felix Uduokhai\Ohis-Felix-Uduokhai,de GER,DF,Augsburg,10.4,0,0.4,-0.4,1,272,325,83.7,1,3,33.3,157,177,88.7,114,145,78.6,214,72,15,1,0,0,11,0,0,Matches
105,Edimilson Fernandes\Edimilson-Fernandes,ch SUI,MF,Mainz 05,13.1,0,0.5,-0.5,5,461,548,84.1,7,12,58.3,325,368,88.3,129,168,76.8,48,467,10,0,1,0,44,3,1,Matches
106,Gelson Fernandes\Gelson-Fernandes,ch SUI,MF,Eint Frankfurt,7.5,0,0.0,0.0,1,185,226,81.9,3,8,37.5,146,172,84.9,36,46,78.3,27,180,1,0,0,0,10,1,1,Matches
107,Oliver Fink\Oliver-Fink,de GER,MF,Düsseldorf,5.7,1,0.2,+0.8,7,116,198,58.6,6,20,30.0,95,140,67.9,15,38,39.5,55,88,1,1,0,1,14,5,1,Matches
108,Alfreð Finnbogason\Alfred-Finnbogason,is ISL,FW,Augsburg,6.1,0,1.2,-1.2,9,83,141,58.9,7,16,43.8,68,103,66.0,8,22,36.4,24,85,0,0,0,3,4,4,0,Matches
109,Mark Flekken\Mark-Flekken,nl NED,GK,Freiburg,9.0,0,0.0,0.0,0,261,384,68.0,0,1,0.0,114,115,99.1,147,268,54.9,78,252,20,0,0,0,8,0,0,Matches
110,Emil Forsberg\Emil-Forsberg,se SWE,MF,RB Leipzig,7.8,2,2.1,-0.1,19,263,334,78.7,11,26,42.3,209,240,87.1,43,68,63.2,39,277,5,3,15,2,24,6,1,Matches
111,Raphael Framberger\Raphael-Framberger,de GER,DF,Augsburg,3.8,0,0.0,0.0,0,97,152,63.8,2,10,20.0,77,105,73.3,18,37,48.6,5,99,2,0,0,45,12,1,1,Matches
112,Mike Frantz\Mike-Frantz,de GER,FWMF,Freiburg,2.7,1,0.6,+0.4,6,59,80,73.8,2,3,66.7,43,52,82.7,14,25,56.0,9,55,3,0,0,5,6,1,1,Matches
113,Marco Friedl\Marco-Friedl,at AUT,DF,Werder Bremen,12.2,1,0.5,+0.5,7,457,573,79.8,3,19,15.8,344,384,89.6,110,170,64.7,350,120,18,2,0,87,29,10,4,Matches
114,Marvin Friedrich\Marvin-Friedrich,de GER,DF,Union Berlin,16.0,0,0.0,0.0,0,442,571,77.4,2,9,22.2,264,294,89.8,176,268,65.7,71,443,24,1,0,1,49,2,0,Matches
115,Niclas Füllkrug\Niclas-Fullkrug,de GER,FW,Werder Bremen,3.2,1,0.9,+0.1,4,60,81,74.1,2,6,33.3,51,63,81.0,7,12,58.3,14,46,0,1,0,1,2,6,1,Matches
116,Mijat Gaćinović\Mijat-Gacinovic,rs SRB,MF,Eint Frankfurt,4.4,0,0.3,-0.3,4,102,141,72.3,2,12,16.7,78,97,80.4,22,32,68.8,32,92,0,1,0,8,11,1,0,Matches
117,Theodor Gebre Selassie\Theodor-Gebre-Selassie,cz CZE,DFMF,Werder Bremen,14.5,0,0.5,-0.5,6,652,753,86.6,9,18,50.0,501,556,90.1,142,179,79.3,39,571,15,0,0,99,53,6,0,Matches
118,Dennis Geiger\Dennis-Geiger,de GER,MF,Hoffenheim,9.7,3,1.5,+1.5,20,382,455,84.0,7,16,43.8,281,312,90.1,94,127,74.0,35,396,20,1,28,4,29,7,0,Matches
119,Christian Gentner\Christian-Gentner,de GER,MF,Union Berlin,14.4,1,1.1,-0.1,12,412,553,74.5,9,35,25.7,330,402,82.1,73,116,62.9,81,392,12,0,1,3,54,14,4,Matches
120,Yannick Gerhardt\Yannick-Gerhardt,de GER,MF,Wolfsburg,4.6,0,0.1,-0.1,3,138,181,76.2,4,8,50.0,109,134,81.3,25,39,64.1,128,32,2,0,2,4,15,1,0,Matches
121,Niko Gießelmann\Niko-Giesselmann,de GER,DF,Düsseldorf,15.0,1,1.4,-0.4,20,496,687,72.2,2,21,9.5,337,408,82.6,157,258,60.9,481,42,38,1,20,118,44,25,12,Matches
122,Rafał Gikiewicz\Rafal-Gikiewicz,pl POL,GK,Union Berlin,17.0,0,0.1,-0.1,1,498,728,68.4,1,1,100.0,151,154,98.1,346,573,60.4,85,532,79,0,0,0,41,0,0,Matches
123,Daniel Ginczek\Daniel-Ginczek,de GER,FW,Wolfsburg,0.2,0,0.0,0.0,0,3,8,37.5,1,1,100.0,2,6,33.3,0,1,0.0,0,6,0,0,0,0,0,0,0,Matches
124,Matthias Ginter\Matthias-Ginter,de GER,DFMF,M'gladbach,13.9,0,0.2,-0.2,1,743,868,85.6,3,7,42.9,495,529,93.6,245,332,73.8,117,696,27,2,0,4,46,3,0,Matches
125,Klaus Gjasula\Klaus-Gjasula,al ALB,MF,Paderborn 07,14.6,1,0.7,+0.3,16,523,661,79.1,4,19,21.1,359,431,83.3,160,211,75.8,209,408,5,1,0,0,64,1,0,Matches
126,Serge Gnabry\Serge-Gnabry,de GER,FWMF,Bayern Munich,12.8,6,5.1,+0.9,23,475,606,78.4,2,25,8.0,421,495,85.1,52,86,60.5,143,423,2,3,1,23,20,23,3,Matches
127,Akaki Gogia\Akaki-Gogia,de GER,FWMF,Union Berlin,1.3,0,0.3,-0.3,3,28,43,65.1,0,4,0.0,23,30,76.7,5,9,55.6,13,24,2,0,0,3,0,1,1,Matches
128,Benjamin Goller\Benjamin-Goller,de GER,MF,Werder Bremen,3.0,0,0.1,-0.1,2,55,83,66.3,3,10,30.0,49,62,79.0,3,11,27.3,6,69,0,0,0,1,3,0,0,Matches
129,Jérôme Gondorf\Jerome-Gondorf,de GER,MF,Freiburg,1.4,0,0.0,0.0,1,30,39,76.9,0,0,,24,31,77.4,6,8,75.0,12,21,2,0,0,0,2,3,0,Matches
130,Leon Goretzka\Leon-Goretzka,de GER,MF,Bayern Munich,4.1,1,0.7,+0.3,5,177,203,87.2,2,9,22.2,146,159,91.8,29,35,82.9,12,181,1,0,0,1,18,5,0,Matches
131,Mario Götze\Mario-Gotze,de GER,MF,Dortmund,5.4,0,1.5,-1.5,12,213,249,85.5,12,17,70.6,191,215,88.8,10,17,58.8,24,214,0,3,0,4,11,5,1,Matches
132,Jeffrey Gouweleeuw\Jeffrey-Gouweleeuw,nl NED,DF,Augsburg,6.1,0,0.0,0.0,0,169,222,76.1,0,3,0.0,110,122,90.2,59,97,60.8,16,193,17,2,0,0,10,1,0,Matches
133,Michael Gregoritsch\Michael-Gregoritsch,at AUT,FW,Augsburg,3.4,0,0.3,-0.3,6,65,97,67.0,3,5,60.0,54,70,77.1,8,22,36.4,63,21,2,0,0,0,4,3,0,Matches
134,Vincenzo Grifo\Vincenzo-Grifo,it ITA,MF,Hoffenheim,0.2,0,0.0,0.0,0,11,13,84.6,1,1,100.0,7,7,100.0,3,5,60.0,0,12,2,1,1,0,1,0,0,Matches
135,Vincenzo Grifo\Vincenzo-Grifo,it ITA,MF,Freiburg,5.2,1,1.1,-0.1,10,159,232,68.5,6,15,40.0,117,139,84.2,36,78,46.2,20,199,10,2,19,6,10,7,2,Matches
136,Florian Grillitsch\Florian-Grillitsch,at AUT,MF,Hoffenheim,13.4,3,2.1,+0.9,13,778,881,88.3,10,18,55.6,535,577,92.7,233,286,81.5,87,740,44,6,0,4,47,14,2,Matches
137,Christian Groß\Christian-Gross,de GER,MF,Werder Bremen,8.0,0,0.1,-0.1,1,345,386,89.4,3,6,50.0,226,245,92.2,116,135,85.9,61,307,8,0,0,1,25,0,0,Matches
138,Carlos Gruezo\Carlos-Gruezo,ec ECU,MF,Augsburg,1.8,0,0.0,0.0,0,37,48,77.1,0,1,0.0,24,26,92.3,13,21,61.9,3,42,1,0,0,0,7,0,0,Matches
139,Marko Grujić\Marko-Grujic,rs SRB,MF,Hertha BSC,14.3,1,0.4,+0.6,7,468,569,82.2,6,20,30.0,372,430,86.5,90,119,75.6,73,428,10,1,0,0,45,5,0,Matches
140,Raphaël Guerreiro\Raphael-Guerreiro,pt POR,DFMF,Dortmund,9.8,1,0.8,+0.2,11,673,785,85.7,26,40,65.0,565,614,92.0,82,131,62.6,659,30,19,0,15,63,39,16,6,Matches
141,Babacar Guèye\Babacar-Gueye,sn SEN,FW,Paderborn 07,1.2,0,0.1,-0.1,2,22,26,84.6,1,3,33.3,20,21,95.2,1,2,50.0,6,18,0,0,0,0,0,0,0,Matches
142,Josuha Guilavogui\Josuha-Guilavogui,fr FRA,MF,Wolfsburg,17.0,1,0.4,+0.6,4,579,711,81.4,6,19,31.6,379,440,86.1,194,252,77.0,69,558,9,1,0,2,51,9,0,Matches
143,Péter Gulácsi\Peter-Gulacsi,hu HUN,GK,RB Leipzig,16.0,0,0.7,-0.7,1,457,580,78.8,3,3,100.0,272,273,99.6,182,304,59.9,57,422,29,0,0,1,3,0,0,Matches
144,Manuel Gulde\Manuel-Gulde,de GER,DF,Freiburg,4.8,0,0.0,0.0,2,157,197,79.7,2,5,40.0,104,117,88.9,51,75,68.0,24,153,12,1,0,3,18,4,1,Matches
145,Christian Günter\Christian-Gunter,de GER,DF,Freiburg,17.0,5,4.2,+0.8,40,544,778,69.9,4,32,12.5,399,477,83.6,141,269,52.4,541,58,38,0,39,164,27,25,17,Matches
146,Jonathan de Guzmán\Jonathan-de-Guzman,nl NED,MF,Eint Frankfurt,0.1,0,0.0,0.0,0,16,21,76.2,2,3,66.7,11,11,100.0,3,7,42.9,2,17,1,0,0,0,1,1,0,Matches
147,Janik Haberer\Janik-Haberer,de GER,FWMF,Freiburg,13.0,2,0.6,+1.4,9,439,525,83.6,14,24,58.3,326,378,86.2,99,123,80.5,89,374,9,0,0,3,38,4,0,Matches
148,Alexander Hack\Alexander-Hack,de GER,DF,Mainz 05,5.2,0,0.0,0.0,1,136,178,76.4,2,7,28.6,84,94,89.4,50,77,64.9,146,14,9,2,0,2,13,1,0,Matches
149,André Hahn\Andre-Hahn,de GER,MF,Augsburg,4.9,0,0.1,-0.1,3,59,112,52.7,2,15,13.3,47,73,64.4,10,24,41.7,16,74,0,0,1,2,5,4,2,Matches
150,Amadou Haidara\Amadou-Haidara,ml MLI,MF,RB Leipzig,4.5,0,0.6,-0.6,5,258,291,88.7,5,12,41.7,212,233,91.0,41,46,89.1,23,241,0,1,0,3,25,7,2,Matches
151,Achraf Hakimi\Achraf-Hakimi,ma MAR,DF,Dortmund,15.0,6,3.4,+2.6,22,963,1151,83.7,23,59,39.0,837,938,89.2,103,154,66.9,135,862,10,5,8,124,65,18,4,Matches
152,Marcel Halstenberg\Marcel-Halstenberg,de GER,DF,RB Leipzig,12.8,2,2.1,-0.1,19,669,812,82.4,9,26,34.6,558,627,89.0,102,159,64.2,581,79,13,1,25,108,33,13,4,Matches
153,Amine Harit\Amine-Harit,ma MAR,MF,Schalke 04,16.4,4,3.0,+1.0,29,484,586,82.6,18,38,47.4,381,447,85.2,85,101,84.2,49,504,8,5,1,7,48,22,2,Matches
154,Martin Harnik\Martin-Harnik,at AUT,FWMF,Werder Bremen,0.1,0,0.0,0.0,0,4,4,100.0,1,1,100.0,3,3,100.0,0,0,,1,0,0,0,0,0,0,0,0,Matches
155,Makoto Hasebe\Makoto-Hasebe,jp JPN,MF,Eint Frankfurt,13.0,0,0.7,-0.7,8,668,763,87.5,5,16,31.3,396,422,93.8,267,325,82.2,167,551,52,2,0,6,60,4,0,Matches
156,Kai Havertz\Kai-Havertz,de GER,MF,Bayer,13.0,1,2.3,-1.3,27,589,682,86.4,14,41,34.1,496,542,91.5,79,99,79.8,491,159,4,2,3,9,49,15,2,Matches
157,Thorgan Hazard\Thorgan-Hazard,be BEL,MF,Dortmund,13.0,7,2.8,+4.2,31,483,658,73.4,14,44,31.8,412,497,82.9,57,117,48.7,112,506,9,2,66,14,31,15,1,Matches
158,Jonas Hector\Jonas-Hector,de GER,DF,Köln,15.3,2,2.6,-0.6,20,604,758,79.7,5,19,26.3,411,483,85.1,188,256,73.4,469,169,34,4,6,47,49,20,4,Matches
159,Dominique Heintz\Dominique-Heintz,de GER,DF,Freiburg,14.0,1,0.1,+0.9,2,542,657,82.5,5,18,27.8,331,362,91.4,206,277,74.4,527,76,29,1,0,2,69,3,1,Matches
160,Rouwen Hennings\Rouwen-Hennings,de GER,FWMF,Düsseldorf,14.9,0,0.5,-0.5,12,234,330,70.9,8,19,42.1,184,248,74.2,42,63,66.7,208,62,0,0,0,0,14,8,3,Matches
161,Lucas Hernández\Lucas-Hernandez,fr FRA,DF,Bayern Munich,5.4,0,0.0,0.0,0,410,461,88.9,2,11,18.2,299,319,93.7,109,131,83.2,401,17,11,0,0,25,29,2,0,Matches
162,Patrick Herrmann\Patrick-Herrmann,de GER,FWMF,M'gladbach,8.8,3,2.8,+0.2,15,215,302,71.2,6,16,37.5,177,226,78.3,32,60,53.3,35,239,5,2,7,11,11,6,0,Matches
163,Martin Hinteregger\Martin-Hinteregger,at AUT,DFMF,Eint Frankfurt,15.0,1,0.6,+0.4,7,597,794,75.2,5,27,18.5,411,483,85.1,181,284,63.7,499,112,37,0,0,105,54,6,2,Matches
164,Marwin Hitz\Marwin-Hitz,ch SUI,GK,Dortmund,3.2,0,0.0,0.0,0,84,100,84.0,0,0,,44,44,100.0,40,56,71.4,4,80,3,0,0,0,0,0,0,Matches
165,André Hoffmann\Andre-Hoffmann,de GER,DFMF,Düsseldorf,12.0,1,0.3,+0.7,1,480,531,90.4,0,3,0.0,255,269,94.8,225,259,86.9,98,403,21,2,0,1,18,1,0,Matches
166,Nicolas Höfler\Nicolas-Hofler,de GER,MF,Freiburg,15.7,0,0.3,-0.3,11,557,680,81.9,19,35,54.3,419,482,86.9,119,163,73.0,210,411,18,0,0,1,60,4,0,Matches
167,Jonas Hofmann\Jonas-Hofmann,de GER,MF,M'gladbach,4.6,1,0.9,+0.1,8,199,247,80.6,4,8,50.0,144,167,86.2,51,72,70.8,45,182,17,0,11,6,14,3,1,Matches
168,Marco Höger\Marco-Hoger,de GER,DFMF,Köln,5.6,0,0.1,-0.1,5,270,323,83.6,2,7,28.6,180,212,84.9,88,104,84.6,59,237,13,0,0,3,34,1,0,Matches
169,Lucas Höler\Lucas-Holer,de GER,FW,Freiburg,13.7,2,1.2,+0.8,11,213,300,71.0,12,29,41.4,183,235,77.9,18,36,50.0,36,204,1,1,1,2,11,5,1,Matches
170,Gerrit Holtmann\Gerrit-Holtmann,de GER,MF,Paderborn 07,6.2,0,0.4,-0.4,3,156,210,74.3,4,13,30.8,139,169,82.2,13,28,46.4,171,17,0,1,0,16,7,9,3,Matches
171,Timo Horn\Timo-Horn,de GER,GK,Köln,17.0,0,0.0,0.0,0,379,531,71.4,1,1,100.0,157,157,100.0,221,373,59.2,301,138,40,0,0,0,20,0,0,Matches
172,Lukáš Hrádecký\Lukas-Hradecky,fi FIN,GK,Bayer,17.0,0,0.0,0.0,0,561,752,74.6,1,1,100.0,258,260,99.2,302,491,61.5,178,446,34,0,0,0,7,0,0,Matches
173,Benjamin Hübner\Benjamin-Hubner,de GER,DF,Hoffenheim,9.6,1,0.3,+0.7,2,576,659,87.4,2,8,25.0,454,481,94.4,120,170,70.6,527,94,23,2,0,3,33,3,0,Matches
174,Florian Hübner\Florian-Hubner,de GER,DF,Union Berlin,4.2,0,0.1,-0.1,3,120,135,88.9,2,4,50.0,79,85,92.9,39,46,84.8,21,98,4,0,0,0,8,0,0,Matches
175,Mats Hummels\Mats-Hummels,de GER,DF,Dortmund,13.7,1,0.6,+0.4,4,921,1055,87.3,6,14,42.9,579,617,93.8,336,424,79.2,319,651,28,2,0,2,76,8,1,Matches
176,Uwe Hünemeier\Uwe-Hunemeier,de GER,DF,Paderborn 07,6.0,0,0.1,-0.1,4,277,316,87.7,2,4,50.0,170,186,91.4,105,126,83.3,80,205,11,0,0,0,31,0,0,Matches
177,Jannik Huth\Jannik-Huth,de GER,GK,Paderborn 07,6.0,0,0.0,0.0,0,202,254,79.5,0,1,0.0,121,121,100.0,81,132,61.4,20,185,17,0,0,0,5,0,0,Matches
178,Iago\Iago,br BRA,,Augsburg,4.3,0,0.1,-0.1,2,85,146,58.2,3,11,27.3,68,103,66.0,14,32,43.8,72,11,3,0,0,43,5,1,0,Matches
179,Vedad Ibišević\Vedad-Ibisevic,ba BIH,FW,Hertha BSC,7.5,1,0.7,+0.3,4,86,129,66.7,5,13,38.5,66,91,72.5,15,25,60.0,7,98,0,1,0,0,6,1,0,Matches
180,Luc Ihorst\Luc-Ihorst,de GER,FW,Werder Bremen,0.1,0,0.0,0.0,0,1,4,25.0,0,1,0.0,1,3,33.3,0,0,,2,2,0,0,0,0,0,0,0,Matches
181,Stefan Ilsanker\Stefan-Ilsanker,at AUT,MF,RB Leipzig,4.6,0,0.1,-0.1,1,326,360,90.6,0,1,0.0,232,243,95.5,94,116,81.0,37,296,7,0,0,1,25,4,0,Matches
182,Marcus Ingvartsen\Marcus-Ingvartsen,dk DEN,FW,Union Berlin,10.5,1,0.8,+0.2,3,174,268,64.9,6,14,42.9,141,202,69.8,27,52,51.9,156,65,1,0,0,2,10,4,2,Matches
183,Ismail Jakobs\Ismail-Jakobs,de GER,DF,Köln,6.0,0,0.1,-0.1,3,145,212,68.4,3,13,23.1,122,160,76.3,20,39,51.3,152,13,2,0,0,27,8,3,2,Matches
184,Laurent Jans\Laurent-Jans,lu LUX,DFMF,Paderborn 07,7.3,1,0.6,+0.4,4,285,383,74.4,0,15,0.0,215,256,84.0,70,112,62.5,47,249,7,1,0,63,19,2,0,Matches
185,Tony Jantschke\Tony-Jantschke,de GER,DFMF,M'gladbach,7.4,0,1.1,-1.1,7,366,435,84.1,2,13,15.4,249,275,90.5,115,147,78.2,59,333,7,2,0,23,32,6,1,Matches
186,Rune Jarstein\Rune-Jarstein,no NOR,GK,Hertha BSC,14.3,0,0.2,-0.2,1,331,494,67.0,1,2,50.0,126,126,100.0,204,366,55.7,34,363,46,0,0,0,7,0,0,Matches
187,Tin Jedvaj\Tin-Jedvaj,hr CRO,DF,Augsburg,15.7,0,0.2,-0.2,3,434,558,77.8,9,23,39.1,266,302,88.1,159,233,68.2,68,434,52,3,0,5,28,4,0,Matches
188,Fredrik Jensen\Fredrik-Jensen,fi FIN,MF,Augsburg,3.6,0,0.1,-0.1,1,46,69,66.7,2,6,33.3,40,51,78.4,4,12,33.3,10,50,1,0,0,0,0,3,0,Matches
189,Fabian Johnson\Fabian-Johnson,us USA,DFMF,M'gladbach,2.0,0,0.0,0.0,0,37,50,74.0,1,5,20.0,32,39,82.1,4,6,66.7,17,31,0,0,0,0,4,0,0,Matches
190,Dejan Joveljić\Dejan-Joveljic,rs SRB,FW,Eint Frankfurt,1.6,0,0.0,0.0,0,22,28,78.6,2,3,66.7,16,20,80.0,4,5,80.0,3,19,0,0,0,0,0,0,0,Matches
191,Ozan Kabak\Ozan-Kabak,tr TUR,DF,Schalke 04,8.2,1,0.1,+0.9,1,400,468,85.5,3,4,75.0,259,279,92.8,138,185,74.6,61,371,10,1,0,1,29,0,0,Matches
192,Pavel Kadeřábek\Pavel-Kaderabek,cz CZE,DFMF,Hoffenheim,15.3,2,1.5,+0.5,14,498,693,71.9,4,35,11.4,427,515,82.9,67,143,46.9,55,458,6,0,1,96,35,12,8,Matches
193,Florian Kainz\Florian-Kainz,at AUT,MF,Köln,7.0,3,3.0,0.0,25,207,326,63.5,0,11,0.0,132,171,77.2,75,144,52.1,88,214,13,0,37,15,17,12,6,Matches
194,Salomon Kalou\Salomon-Kalou,ci CIV,FW,Hertha BSC,1.6,0,0.2,-0.2,1,29,44,65.9,2,4,50.0,22,30,73.3,5,10,50.0,7,31,0,0,0,1,4,2,0,Matches
195,Daichi Kamada\Daichi-Kamada,jp JPN,MF,Eint Frankfurt,11.9,2,1.1,+0.9,22,328,443,74.0,7,18,38.9,244,290,84.1,77,135,57.0,58,347,15,0,45,4,23,7,1,Matches
196,Kevin Kampl\Kevin-Kampl,si SVN,MF,RB Leipzig,2.2,0,0.4,-0.4,2,120,139,86.3,4,7,57.1,99,109,90.8,17,23,73.9,15,117,4,2,0,2,9,2,0,Matches
197,Kenan Karaman\Kenan-Karaman,tr TUR,FW,Düsseldorf,4.8,1,0.8,+0.2,10,81,111,73.0,3,6,50.0,72,90,80.0,6,15,40.0,23,76,0,0,0,0,8,4,0,Matches
198,Noah Katterbach\Noah-Katterbach,de GER,MF,Köln,7.0,0,0.3,-0.3,4,252,360,70.0,1,12,8.3,204,244,83.6,47,104,45.2,188,86,10,0,0,66,23,4,1,Matches
199,Jonjoe Kenny\Jonjoe-Kenny,eng ENG,DFFW,Schalke 04,16.9,2,1.0,+1.0,12,711,933,76.2,8,38,21.1,539,645,83.6,164,250,65.6,53,638,7,1,0,200,62,16,2,Matches
200,Rani Khedira\Rani-Khedira,de GER,MF,Augsburg,14.7,2,0.8,+1.2,6,326,442,73.8,6,18,33.3,249,305,81.6,71,119,59.7,53,337,6,2,0,1,32,3,0,Matches
201,Luca Kilian\Luca-Kilian,de GER,DF,Paderborn 07,12.0,0,0.1,-0.1,1,556,615,90.4,2,7,28.6,355,375,94.7,199,233,85.4,76,509,23,0,0,3,26,1,0,Matches
202,Joshua Kimmich\Joshua-Kimmich,de GER,MF,Bayern Munich,16.6,4,4.4,-0.4,48,1266,1481,85.5,12,30,40.0,897,955,93.9,357,496,72.0,223,1142,51,6,83,70,116,33,4,Matches
203,Davy Klaassen\Davy-Klaassen,nl NED,MF,Werder Bremen,17.0,3,1.5,+1.5,19,533,672,79.3,11,33,33.3,428,505,84.8,94,134,70.1,135,470,9,0,0,20,53,16,0,Matches
204,Felix Klaus\Felix-Klaus,de GER,FWMF,Wolfsburg,5.1,0,1.0,-1.0,6,100,148,67.6,2,12,16.7,88,119,73.9,10,17,58.8,9,102,0,0,0,5,8,2,0,Matches
205,Lukas Klostermann\Lukas-Klostermann,de GER,DF,RB Leipzig,15.2,1,1.6,-0.6,11,740,876,84.5,8,23,34.8,611,685,89.2,121,168,72.0,155,574,10,0,0,76,55,3,1,Matches
206,Lukas Klünter\Lukas-Klunter,de GER,MF,Hertha BSC,15.0,1,1.2,-0.2,11,416,589,70.6,5,25,20.0,318,395,80.5,93,169,55.0,70,338,18,2,0,132,27,8,4,Matches
207,Robin Knoche\Robin-Knoche,de GER,DF,Wolfsburg,10.2,0,0.1,-0.1,2,434,517,83.9,2,8,25.0,287,319,90.0,145,190,76.3,47,411,15,0,0,4,33,4,0,Matches
208,Robin Koch\Robin-Koch,de GER,DF,Freiburg,17.0,0,0.5,-0.5,5,680,772,88.1,3,7,42.9,361,406,88.9,316,359,88.0,112,596,21,3,0,1,38,4,2,Matches
209,Dominik Kohr\Dominik-Kohr,de GER,MF,Eint Frankfurt,7.3,1,0.4,+0.6,10,240,303,79.2,6,13,46.2,194,227,85.5,40,63,63.5,31,242,4,0,3,0,33,5,0,Matches
210,Ibrahima Konaté\Ibrahima-Konate,fr FRA,DF,RB Leipzig,5.0,0,0.1,-0.1,1,233,259,90.0,3,4,75.0,167,179,93.3,63,76,82.9,15,226,5,0,0,0,12,0,0,Matches
211,Pascal Köpke\Pascal-Kopke,de GER,FW,Hertha BSC,0.4,0,0.0,0.0,0,4,8,50.0,1,2,50.0,3,5,60.0,0,1,0.0,0,6,0,0,0,0,0,0,0,Matches
212,Filip Kostić\Filip-Kostic,rs SRB,MF,Eint Frankfurt,15.9,5,4.3,+0.7,42,481,799,60.2,8,45,17.8,344,464,74.1,129,290,44.5,585,85,29,1,59,83,31,27,22,Matches
213,Tomáš Koubek\Tomas-Koubek,cz CZE,GK,Augsburg,17.0,0,0.1,-0.1,1,351,586,59.9,0,0,,143,143,100.0,208,443,47.0,75,399,53,0,0,1,6,0,0,Matches
214,Dawid Kownacki\Dawid-Kownacki,pl POL,FWMF,Düsseldorf,10.5,0,0.3,-0.3,7,181,256,70.7,8,21,38.1,145,190,76.3,28,45,62.2,39,173,1,0,0,11,8,8,1,Matches
215,Thomas Kraft\Thomas-Kraft,de GER,GK,Hertha BSC,2.0,0,0.0,0.0,0,47,71,66.2,0,0,,16,16,100.0,31,55,56.4,9,49,5,0,0,0,0,0,0,Matches
216,Andrej Kramarić\Andrej-Kramaric,hr CRO,FW,Hoffenheim,7.5,0,1.3,-1.3,11,210,262,80.2,9,16,56.3,166,194,85.6,35,52,67.3,39,211,1,2,0,2,14,6,0,Matches
217,Christoph Kramer\Christoph-Kramer,de GER,MF,M'gladbach,7.8,0,0.4,-0.4,4,345,420,82.1,5,13,38.5,278,324,85.8,62,83,74.7,54,329,8,1,1,1,32,6,0,Matches
218,Felix Kroos\Felix-Kroos,de GER,DFFW,Union Berlin,1.9,0,0.0,0.0,0,53,65,81.5,1,1,100.0,39,45,86.7,13,19,68.4,11,49,3,1,0,0,7,1,0,Matches
219,Lukas Kübler\Lukas-Kubler,de GER,DF,Freiburg,1.0,0,0.0,0.0,0,38,48,79.2,0,1,0.0,26,29,89.7,12,18,66.7,2,43,1,0,0,0,7,1,0,Matches
220,Pierre Kunde\Pierre-Kunde,cm CMR,,Mainz 05,13.4,0,1.6,-1.6,7,506,652,77.6,6,20,30.0,360,425,84.7,140,207,67.6,76,524,37,1,3,7,59,9,3,Matches
221,Ahmed Kutucu\Ahmed-Kutucu,tr TUR,FW,Schalke 04,2.0,1,1.0,0.0,4,39,52,75.0,0,0,,34,44,77.3,5,8,62.5,7,36,0,0,0,0,3,4,1,Matches
222,Konrad Laimer\Konrad-Laimer,at AUT,MF,RB Leipzig,12.8,2,1.2,+0.8,7,586,693,84.6,13,32,40.6,474,529,89.6,99,132,75.0,133,525,18,1,0,4,57,12,1,Matches
223,Stefan Lainer\Stefan-Lainer,at AUT,DF,M'gladbach,14.1,2,2.5,-0.5,27,528,765,69.0,5,27,18.5,389,498,78.1,134,240,55.8,116,483,22,1,1,135,46,17,9,Matches
224,Michael Lang\Michael-Lang,ch SUI,DF,Werder Bremen,5.9,0,0.6,-0.6,3,266,328,81.1,1,8,12.5,220,251,87.6,45,69,65.2,26,235,5,1,0,55,11,3,2,Matches
225,Sebastian Langkamp\Sebastian-Langkamp,de GER,DF,Werder Bremen,2.0,0,0.0,0.0,0,83,99,83.8,1,3,33.3,50,58,86.2,32,38,84.2,19,68,4,0,0,0,5,0,0,Matches
226,Danny Latza\Danny-Latza,de GER,MF,Mainz 05,6.0,1,0.9,+0.1,8,190,241,78.8,3,12,25.0,143,163,87.7,44,66,66.7,52,163,2,0,2,3,18,7,1,Matches
227,Mathew Leckie\Mathew-Leckie,au AUS,FWMF,Hertha BSC,1.3,0,0.0,0.0,0,32,47,68.1,1,8,12.5,27,31,87.1,4,8,50.0,9,33,0,0,0,3,1,0,0,Matches
228,Christopher Lenz\Christopher-Lenz,de GER,DF,Union Berlin,15.5,1,1.2,-0.2,14,553,759,72.9,12,34,35.3,396,475,83.4,145,250,58.0,417,105,8,0,0,191,40,18,11,Matches
229,Robert Lewandowski\Robert-Lewandowski,pl POL,FW,Bayern Munich,16.7,2,3.4,-1.4,18,328,435,75.4,9,34,26.5,278,345,80.6,41,56,73.2,50,341,3,1,0,0,22,16,2,Matches
230,Stephan Lichtsteiner\Stephan-Lichtsteiner,ch SUI,DFMF,Augsburg,11.3,1,0.5,+0.5,9,299,431,69.4,5,22,22.7,244,299,81.6,50,110,45.5,54,210,5,0,0,127,22,3,1,Matches
231,Philipp Lienhart\Philipp-Lienhart,at AUT,DF,Freiburg,11.0,1,0.5,+0.5,2,519,611,84.9,1,7,14.3,330,357,92.4,188,247,76.1,42,534,20,0,0,6,42,4,0,Matches
232,Jürgen Locadia\Jurgen-Locadia,nl NED,FW,Hoffenheim,5.8,0,0.1,-0.1,3,97,133,72.9,3,10,30.0,82,104,78.8,12,19,63.2,22,93,1,0,0,1,8,2,1,Matches
233,Ademola Lookman\Ademola-Lookman,eng ENG,FW,RB Leipzig,1.5,0,0.1,-0.1,2,43,57,75.4,2,4,50.0,36,40,90.0,5,13,38.5,8,48,1,0,2,0,3,3,1,Matches
234,Eduard Löwen\Eduard-Lowen,de GER,DF,Hertha BSC,3.4,0,0.0,0.0,0,118,147,80.3,0,2,0.0,90,103,87.4,28,42,66.7,17,119,4,0,1,0,17,1,0,Matches
235,Dodi Lukebakio\Dodi-Lukebakio,cd COD,MF,Hertha BSC,11.8,4,2.3,+1.7,16,236,312,75.6,9,16,56.3,177,213,83.1,50,83,60.2,225,67,5,2,14,3,12,8,3,Matches
236,Arne Maier\Arne-Maier,de GER,MF,Hertha BSC,0.2,0,0.0,0.0,0,8,8,100.0,0,0,,6,6,100.0,2,2,100.0,0,7,0,0,0,0,2,0,0,Matches
237,Streli Mamba\Streli-Mamba,de GER,FW,Paderborn 07,10.4,2,1.5,+0.5,8,124,166,74.7,8,16,50.0,99,126,78.6,17,24,70.8,19,122,0,1,0,3,6,1,0,Matches
238,Aarón Martín\Aaron-Martin,es ESP,DF,Mainz 05,14.7,0,2.1,-2.1,22,505,680,74.3,3,20,15.0,406,473,85.8,96,187,51.3,494,34,30,1,37,124,36,12,7,Matches
239,Javi Martínez\Javi-Martinez,es ESP,DFMF,Bayern Munich,6.2,0,0.1,-0.1,1,436,470,92.8,2,2,100.0,298,314,94.9,136,154,88.3,88,359,8,0,0,0,33,4,0,Matches
240,Omar Mascarell\Omar-Mascarell,es ESP,MF,Schalke 04,16.5,1,0.8,+0.2,8,786,917,85.7,10,25,40.0,465,517,89.9,311,375,82.9,169,674,36,2,1,0,54,6,0,Matches
241,Jean-Philippe Mateta\Jean-Philippe-Mateta,fr FRA,FW,Mainz 05,0.6,0,0.0,0.0,0,5,10,50.0,1,1,100.0,4,9,44.4,0,0,,1,4,0,0,0,0,1,0,0,Matches
242,Rabbi Matondo\Rabbi-Matondo,wal WAL,FW,Schalke 04,4.7,0,0.4,-0.4,3,64,95,67.4,5,12,41.7,53,73,72.6,6,10,60.0,11,76,0,2,0,1,1,1,0,Matches
243,Philipp Max\Philipp-Max,de GER,DF,Augsburg,14.8,4,2.5,+1.5,31,438,666,65.8,4,22,18.2,324,394,82.2,110,250,44.0,464,69,44,0,54,103,36,23,8,Matches
244,Alexandru Maxim\Alexandru-Maxim,ro ROU,MF,Mainz 05,1.2,0,0.5,-0.5,5,61,78,78.2,1,3,33.3,46,50,92.0,14,25,56.0,5,65,3,0,10,3,5,0,0,Matches
245,Kevin Mbabu\Kevin-Mbabu,ch SUI,DF,Wolfsburg,4.1,0,0.3,-0.3,3,122,181,67.4,0,11,0.0,81,105,77.1,41,65,63.1,19,114,2,0,0,34,13,3,2,Matches
246,Weston McKennie\Weston-McKennie,us USA,MF,Schalke 04,9.9,0,0.8,-0.8,6,400,501,79.8,6,19,31.6,280,326,85.9,114,156,73.1,91,333,9,0,0,21,26,4,0,Matches
247,Joshua Mees\Joshua-Mees,de GER,FW,Union Berlin,1.7,0,0.0,0.0,2,37,48,77.1,3,7,42.9,28,34,82.4,6,7,85.7,7,32,0,0,0,1,2,1,1,Matches
248,Admir Mehmedi\Admir-Mehmedi,ch SUI,FWMF,Wolfsburg,5.9,1,0.5,+0.5,9,186,253,73.5,9,22,40.9,146,183,79.8,31,48,64.6,20,209,8,1,8,5,16,7,0,Matches
249,Münir Mercan\Munir-Mercan,de GER,MF,Schalke 04,0.0,0,0.0,0.0,0,5,6,83.3,0,0,,5,5,100.0,0,1,0.0,4,1,0,0,0,1,0,0,0,Matches
250,Jorge Meré\Jorge-Mere,es ESP,DF,Köln,3.2,0,0.0,0.0,1,130,154,84.4,0,0,,68,76,89.5,62,78,79.5,31,112,9,0,0,0,12,0,0,Matches
251,Sven Michel\Sven-Michel,de GER,FW,Paderborn 07,9.0,1,0.6,+0.4,10,146,234,62.4,3,22,13.6,131,186,70.4,12,26,46.2,166,37,0,0,0,1,9,7,1,Matches
252,Juan Miranda\Juan-Miranda,es ESP,,Schalke 04,2.9,0,0.1,-0.1,2,96,122,78.7,2,2,100.0,71,85,83.5,23,35,65.7,91,3,3,0,0,20,6,5,1,Matches
253,Maximilian Mittelstädt\Maximilian-Mittelstadt,de GER,DF,Hertha BSC,10.2,1,0.5,+0.5,8,379,511,74.2,5,23,21.7,287,337,85.2,87,151,57.6,297,77,12,1,0,88,31,5,2,Matches
254,Anthony Modeste\Anthony-Modeste,fr FRA,FW,Köln,7.3,1,0.6,+0.4,2,69,125,55.2,2,7,28.6,52,86,60.5,15,32,46.9,11,72,0,1,0,0,5,3,0,Matches
255,Kevin Möhwald\Kevin-Mohwald,de GER,MF,Werder Bremen,0.8,0,0.0,0.0,0,35,41,85.4,2,3,66.7,25,27,92.6,8,11,72.7,4,35,1,0,0,0,4,0,0,Matches
256,Niklas Moisander\Niklas-Moisander,fi FIN,DF,Werder Bremen,6.0,0,0.0,0.0,0,409,449,91.1,1,3,33.3,236,248,95.2,172,198,86.9,284,148,11,0,0,0,33,1,0,Matches
257,Alfredo Morales\Alfredo-Morales,us USA,DFMF,Düsseldorf,10.4,2,0.6,+1.4,5,210,302,69.5,7,14,50.0,151,212,71.2,52,76,68.4,46,192,1,2,0,0,25,5,1,Matches
258,Jan Morávek\Jan-Moravek,cz CZE,FWMF,Augsburg,5.0,1,0.4,+0.6,4,145,184,78.8,7,10,70.0,108,125,86.4,30,49,61.2,25,140,2,0,1,1,10,2,0,Matches
259,Nordi Mukiele\Nordi-Mukiele,fr FRA,DF,RB Leipzig,8.3,1,0.6,+0.4,6,462,581,79.5,17,44,38.6,356,411,86.6,89,126,70.6,28,469,12,0,0,58,25,6,2,Matches
260,Florian Müller\Florian-Muller,de GER,GK,Mainz 05,3.0,0,0.0,0.0,0,70,97,72.2,1,1,100.0,24,24,100.0,45,72,62.5,66,15,0,0,0,0,1,0,0,Matches
261,Thomas Müller\Thomas-Muller,de GER,FWMF,Bayern Munich,10.7,10,6.0,+4.0,35,430,550,78.2,10,29,34.5,339,403,84.1,81,118,68.6,73,423,2,3,3,19,36,16,5,Matches
262,Yvon Mvogo\Yvon-Mvogo,ch SUI,GK,RB Leipzig,1.0,0,0.0,0.0,0,36,45,80.0,0,0,,22,22,100.0,14,23,60.9,5,34,2,0,0,0,0,0,0,Matches
263,Obite N'Dicka\Obite-NDicka,fr FRA,,Eint Frankfurt,7.0,1,0.9,+0.1,3,308,367,83.9,5,10,50.0,244,274,89.1,59,83,71.1,256,61,8,0,0,34,30,1,0,Matches
264,Matija Nastasić\Matija-Nastasic,rs SRB,DF,Schalke 04,4.2,0,0.0,0.0,0,188,210,89.5,3,4,75.0,126,133,94.7,59,73,80.8,163,24,5,0,0,0,9,0,0,Matches
265,Manuel Neuer\Manuel-Neuer,de GER,GK,Bayern Munich,17.0,0,0.0,0.0,0,671,742,90.4,0,1,0.0,394,397,99.2,277,344,80.5,123,495,35,0,0,0,3,0,0,Matches
266,Florian Neuhaus\Florian-Neuhaus,de GER,MF,M'gladbach,11.7,1,2.0,-1.0,16,382,493,77.5,9,16,56.3,278,339,82.0,95,138,68.8,91,380,19,2,17,1,35,17,1,Matches
267,Moussa Niakhate\Moussa-Niakhate,fr FRA,DFFW,Mainz 05,16.0,1,0.6,+0.4,6,595,716,83.1,4,14,28.6,370,410,90.2,221,292,75.7,587,91,20,0,0,9,33,1,0,Matches
268,Florian Niederlechner\Florian-Niederlechner,de GER,FW,Augsburg,16.2,6,4.6,+1.4,18,210,274,76.6,13,31,41.9,171,202,84.7,26,41,63.4,38,195,1,3,0,0,15,7,0,Matches
269,Christopher Nkunku\Christopher-Nkunku,fr FRA,MF,RB Leipzig,9.5,7,4.5,+2.5,32,294,369,79.7,3,11,27.3,240,266,90.2,51,92,55.4,28,316,10,6,41,4,21,14,0,Matches
270,Lukas Nmecha\Lukas-Nmecha,de GER,FW,Wolfsburg,1.4,0,0.1,-0.1,1,27,37,73.0,3,3,100.0,23,32,71.9,1,2,50.0,3,28,0,0,0,0,0,0,0,Matches
271,Håvard Nordtveit\Havard-Nordtveit,no NOR,DFMF,Hoffenheim,1.6,1,0.3,+0.7,1,94,110,85.5,1,1,100.0,54,58,93.1,39,51,76.5,11,91,3,0,0,0,9,0,0,Matches
272,Alexander Nübel\Alexander-Nubel,de GER,GK,Schalke 04,14.7,0,0.0,0.0,0,400,579,69.1,1,2,50.0,159,161,98.8,240,416,57.7,118,369,35,0,0,0,8,1,0,Matches
273,Kasim Nuhu\Kasim-Nuhu,gh GHA,DF,Düsseldorf,10.1,0,0.0,0.0,0,372,459,81.0,1,7,14.3,224,253,88.5,147,199,73.9,29,404,17,0,0,0,31,0,0,Matches
274,Bastian Oczipka\Bastian-Oczipka,de GER,DFMF,Schalke 04,17.0,3,1.7,+1.3,24,637,845,75.4,4,29,13.8,511,594,86.0,122,222,55.0,563,133,33,0,40,119,48,22,12,Matches
275,Cauly Oliveira Souza\Cauly-Oliveira-Souza,br BRA,MF,Paderborn 07,8.0,0,0.6,-0.6,10,175,250,70.0,7,11,63.6,140,166,84.3,28,73,38.4,21,212,16,0,36,5,19,5,0,Matches
276,Karim Onisiwo\Karim-Onisiwo,at AUT,FW,Mainz 05,8.5,4,1.7,+2.3,14,119,168,70.8,8,18,44.4,97,124,78.2,14,26,53.8,25,105,1,1,0,2,6,5,0,Matches
277,Willi Orban\Willi-Orban,hu HUN,DF,RB Leipzig,9.0,0,0.1,-0.1,3,484,544,89.0,6,12,50.0,356,380,93.7,122,152,80.3,113,383,27,0,0,0,37,0,0,Matches
278,Yuya Osako\Yuya-Osako,jp JPN,FW,Werder Bremen,10.5,1,1.4,-0.4,15,252,324,77.8,6,20,30.0,195,233,83.7,51,71,71.8,74,210,1,1,0,1,26,9,0,Matches
279,Paulo Otávio\Paulo-Otavio,br BRA,DF,Wolfsburg,0.3,0,0.1,-0.1,1,2,4,50.0,0,1,0.0,2,2,100.0,0,1,0.0,4,0,0,0,0,0,0,0,0,Matches
280,Reece Oxford\Reece-Oxford,eng ENG,DF,Augsburg,3.5,0,0.0,0.0,0,48,73,65.8,0,2,0.0,26,37,70.3,22,34,64.7,5,56,2,0,0,0,4,0,0,Matches
281,Levin Öztunalı\Levin-Oztunali,de GER,MF,Mainz 05,10.7,2,1.9,+0.1,19,210,320,65.6,8,27,29.6,160,218,73.4,42,75,56.0,28,241,2,4,0,23,16,17,5,Matches
282,Gonçalo Paciência\Goncalo-Paciencia,pt POR,FW,Eint Frankfurt,12.1,1,1.7,-0.7,16,159,251,63.3,8,33,24.2,124,170,72.9,27,48,56.3,51,157,0,1,0,7,14,12,1,Matches
283,Michael Parensen\Michael-Parensen,de GER,DFMF,Union Berlin,4.6,0,0.5,-0.5,3,168,193,87.0,2,3,66.7,108,115,93.9,58,75,77.3,146,38,6,0,0,0,12,2,1,Matches
284,Paulinho\Paulinho,br BRA,FW,Bayer,0.9,0,0.0,0.0,0,36,44,81.8,1,1,100.0,33,37,89.2,2,6,33.3,5,37,0,0,0,1,1,1,0,Matches
285,Benjamin Pavard\Benjamin-Pavard,fr FRA,DF,Bayern Munich,16.0,2,1.9,+0.1,9,1187,1326,89.5,12,20,60.0,904,975,92.7,271,331,81.9,59,1124,31,0,0,93,96,9,1,Matches
286,Jiří Pavlenka\Jiri-Pavlenka,cz CZE,GK,Werder Bremen,17.0,0,0.1,-0.1,1,445,634,70.2,1,3,33.3,207,208,99.5,237,423,56.0,65,471,59,0,0,0,6,0,0,Matches
287,Mads Pedersen\Mads-Pedersen,dk DEN,DF,Augsburg,1.1,1,0.5,+0.5,2,25,33,75.8,0,0,,23,25,92.0,2,8,25.0,19,2,2,0,1,11,0,1,1,Matches
288,Ivan Perišić\Ivan-Perisic,hr CRO,MF,Bayern Munich,7.8,2,1.3,+0.7,13,275,387,71.1,8,25,32.0,222,279,79.6,45,83,54.2,124,220,3,1,8,17,14,15,6,Matches
289,Pavao Pervan\Pavao-Pervan,at AUT,GK,Wolfsburg,8.0,0,0.0,0.0,0,180,267,67.4,1,2,50.0,76,76,100.0,103,189,54.5,17,193,14,0,0,0,3,0,0,Matches
290,Nils Petersen\Nils-Petersen,de GER,FW,Freiburg,15.3,1,1.3,-0.3,20,204,294,69.4,7,21,33.3,164,224,73.2,33,49,67.3,60,169,0,1,0,0,10,5,0,Matches
291,Ronaël Pierre-Gabriel\Ronael-Pierre-Gabriel,fr FRA,DF,Mainz 05,2.7,1,0.2,+0.8,2,76,105,72.4,0,5,0.0,61,80,76.3,15,20,75.0,5,78,2,0,0,18,9,1,1,Matches
292,Łukasz Piszczek\Lukasz-Piszczek,pl POL,DFMF,Dortmund,8.6,3,1.7,+1.3,8,621,743,83.6,5,13,38.5,532,592,89.9,84,138,60.9,49,582,10,1,0,78,39,6,0,Matches
293,Claudio Pizarro\Claudio-Pizarro,pe PER,FW,Werder Bremen,2.0,0,0.6,-0.6,4,46,67,68.7,2,9,22.2,40,50,80.0,4,8,50.0,14,41,1,0,0,1,5,6,0,Matches
294,Marvin Plattenhardt\Marvin-Plattenhardt,de GER,DF,Hertha BSC,8.0,1,1.3,-0.3,12,233,319,73.0,1,13,7.7,171,198,86.4,61,108,56.5,218,7,17,0,10,75,12,4,4,Matches
295,Alassane Pléa\Alassane-Plea,fr FRA,MF,M'gladbach,13.0,5,3.6,+1.4,20,247,361,68.4,8,34,23.5,200,261,76.6,39,66,59.1,51,276,0,5,6,2,17,17,6,Matches
296,Thomas Pledl\Thomas-Pledl,de GER,MF,Düsseldorf,0.6,0,0.1,-0.1,1,16,25,64.0,0,3,0.0,14,18,77.8,2,4,50.0,4,19,0,0,0,1,2,0,0,Matches
297,Joel Pohjanpalo\Joel-Pohjanpalo,fi FIN,FW,Bayer,0.0,0,0.0,0.0,0,0,0,,0,0,,0,0,,0,0,,0,0,0,0,0,0,0,0,0,Matches
298,Sebastian Polter\Sebastian-Polter,de GER,FW,Union Berlin,2.9,1,1.0,0.0,5,42,61,68.9,5,7,71.4,31,47,66.0,6,7,85.7,15,26,0,0,0,1,3,2,0,Matches
299,Stefan Posch\Stefan-Posch,at AUT,DF,Hoffenheim,12.1,0,0.1,-0.1,2,545,694,78.5,5,24,20.8,421,473,89.0,119,197,60.4,65,511,17,0,0,63,31,5,0,Matches
300,Yussuf Poulsen\Yussuf-Poulsen,dk DEN,FW,RB Leipzig,9.2,4,1.1,+2.9,10,155,223,69.5,11,24,45.8,128,172,74.4,16,27,59.3,35,155,1,3,0,0,9,8,0,Matches
301,Kai Pröger\Kai-Proger,de GER,,Paderborn 07,11.4,4,2.3,+1.7,21,159,288,55.2,5,27,18.5,114,163,69.9,40,98,40.8,36,230,22,0,32,9,10,1,0,Matches
302,Grischa Prömel\Grischa-Promel,de GER,MF,Union Berlin,2.0,0,0.0,0.0,1,48,64,75.0,2,4,50.0,39,46,84.8,7,14,50.0,7,50,2,0,0,0,7,0,0,Matches
303,Robin Quaison\Robin-Quaison,se SWE,MF,Mainz 05,14.1,1,0.6,+0.4,11,195,269,72.5,6,17,35.3,162,199,81.4,27,53,50.9,17,222,0,0,0,3,12,6,0,Matches
304,Raffael\Raffael,br BRA,FWMF,M'gladbach,0.5,0,0.2,-0.2,3,29,37,78.4,1,3,33.3,23,25,92.0,5,9,55.6,3,32,1,0,3,0,2,2,0,Matches
305,Benito Raman\Benito-Raman,be BEL,FW,Schalke 04,8.6,2,1.2,+0.8,10,99,144,68.8,1,10,10.0,83,107,77.6,15,27,55.6,17,118,0,1,0,3,6,2,0,Matches
306,Milot Rashica\Milot-Rashica,xk KVX,FWMF,Werder Bremen,12.3,3,1.8,+1.2,26,212,324,65.4,3,19,15.8,159,208,76.4,50,97,51.5,59,237,9,0,23,4,8,11,5,Matches
307,Ante Rebić\Ante-Rebic,hr CRO,FWMF,Eint Frankfurt,1.0,0,0.1,-0.1,2,9,18,50.0,1,4,25.0,8,14,57.1,0,0,,2,15,0,0,0,0,0,0,0,Matches
308,Daishawn Redan\Daishawn-Redan,nl NED,FW,Hertha BSC,0.2,0,0.0,0.0,0,6,7,85.7,0,0,,6,6,100.0,0,1,0.0,2,5,0,0,0,0,1,0,0,Matches
309,Fabian Reese\Fabian-Reese,de GER,FW,Schalke 04,1.0,0,0.4,-0.4,2,9,19,47.4,0,2,0.0,8,16,50.0,1,1,100.0,2,13,0,0,0,1,0,1,0,Matches
310,Ken Reichel\Ken-Reichel,de GER,DF,Union Berlin,1.5,0,0.0,0.0,0,54,74,73.0,1,2,50.0,38,45,84.4,15,27,55.6,44,11,0,0,1,10,7,0,0,Matches
311,Karim Rekik\Karim-Rekik,nl NED,DF,Hertha BSC,11.0,0,0.0,0.0,1,470,527,89.2,8,11,72.7,321,336,95.5,141,180,78.3,413,86,20,0,0,2,35,1,1,Matches
312,Panagiotis Retsos\Panagiotis-Retsos,gr GRE,DF,Bayer,1.3,0,0.0,0.0,1,85,99,85.9,0,2,0.0,72,78,92.3,13,19,68.4,20,68,2,0,0,6,5,0,0,Matches
313,Marco Reus\Marco-Reus,de GER,FWMF,Dortmund,14.1,3,1.8,+1.2,18,462,561,82.4,15,32,46.9,380,433,87.8,67,96,69.8,114,427,21,8,0,1,38,17,1,Matches
314,Marco Richter\Marco-Richter,de GER,FW,Augsburg,10.5,2,1.5,+0.5,11,131,236,55.5,4,19,21.1,93,153,60.8,34,64,53.1,56,157,2,6,4,5,15,5,1,Matches
315,Marcel Risse\Marcel-Risse,de GER,FWMF,Köln,1.3,2,0.5,+1.5,6,33,66,50.0,0,6,0.0,21,28,75.0,12,32,37.5,3,58,2,0,6,5,2,2,0,Matches
316,Marlon Ritter\Marlon-Ritter,de GER,FW,Paderborn 07,0.6,0,0.0,0.0,1,20,35,57.1,0,0,,15,21,71.4,5,14,35.7,0,32,3,0,7,1,3,0,0,Matches
317,Sebastian Rode\Sebastian-Rode,de GER,MF,Eint Frankfurt,8.5,0,0.3,-0.3,6,351,432,81.3,12,24,50.0,248,285,87.0,91,123,74.0,78,307,4,0,3,3,35,5,0,Matches
318,Jérôme Roussillon\Jerome-Roussillon,fr FRA,DFMF,Wolfsburg,14.6,1,1.1,-0.1,12,431,601,71.7,7,29,24.1,347,419,82.8,77,153,50.3,377,63,6,0,0,133,24,11,5,Matches
319,Sebastian Rudy\Sebastian-Rudy,de GER,MF,Hoffenheim,16.0,3,1.6,+1.4,22,678,827,82.0,9,25,36.0,536,614,87.3,133,188,70.7,87,674,15,0,18,16,63,7,1,Matches
320,Lukas Rupp\Lukas-Rupp,de GER,MF,Hoffenheim,3.8,0,0.1,-0.1,1,135,155,87.1,3,6,50.0,121,134,90.3,11,15,73.3,23,125,0,0,0,1,17,2,0,Matches
321,Julian Ryerson\Julian-Ryerson,no NOR,DF,Union Berlin,0.3,0,0.0,0.0,0,5,8,62.5,0,0,,5,7,71.4,0,1,0.0,1,2,0,0,0,0,2,0,0,Matches
322,Frederik Rønnow\Frederik-Ronnow,dk DEN,GK,Eint Frankfurt,8.0,0,0.0,0.0,0,195,289,67.5,0,0,,94,95,98.9,101,194,52.1,21,216,16,0,0,0,9,0,0,Matches
323,João Victor Santos Sá\Joao-Victor-Santos-Sa,br BRA,FW,Wolfsburg,12.0,0,0.2,-0.2,8,195,270,72.2,8,21,38.1,160,208,76.9,27,41,65.9,42,183,1,1,2,3,13,2,1,Matches
324,Abdelhamid Sabiri\Abdelhamid-Sabiri,de GER,MF,Paderborn 07,5.4,0,0.2,-0.2,3,168,209,80.4,6,11,54.5,124,140,88.6,38,58,65.5,24,164,6,0,0,0,14,1,0,Matches
325,Marcel Sabitzer\Marcel-Sabitzer,at AUT,FWMF,RB Leipzig,14.7,4,3.0,+1.0,35,585,799,73.2,17,50,34.0,461,564,81.7,107,185,57.8,114,580,17,4,15,61,53,19,2,Matches
326,Nuri Şahin\Nuri-Sahin,tr TUR,MF,Werder Bremen,11.3,3,2.6,+0.4,27,504,657,76.7,9,24,37.5,359,401,89.5,136,232,58.6,502,118,60,1,46,0,54,6,0,Matches
327,Roland Sallai\Roland-Sallai,hu HUN,FW,Freiburg,4.5,0,0.2,-0.2,3,82,116,70.7,1,8,12.5,76,93,81.7,5,15,33.3,35,75,0,0,0,2,4,3,0,Matches
328,Diadie Samassékou\Diadie-Samassekou,ml MLI,MF,Hoffenheim,2.9,0,0.0,0.0,0,123,152,80.9,1,4,25.0,100,115,87.0,22,33,66.7,17,118,1,0,0,0,6,1,0,Matches
329,Renato Sanches\Renato-Sanches,pt POR,MF,Bayern Munich,0.1,0,0.0,0.0,0,7,8,87.5,0,0,,7,7,100.0,0,1,0.0,0,8,0,0,0,0,0,0,0,Matches
330,Jadon Sancho\Jadon-Sancho,eng ENG,MF,Dortmund,13.1,9,3.8,+5.2,26,678,818,82.9,8,34,23.5,605,680,89.0,65,104,62.5,108,681,4,1,25,13,34,19,2,Matches
331,Salif Sané\Salif-Sane,sn SEN,DFMF,Schalke 04,7.5,1,0.3,+0.7,1,367,415,88.4,4,8,50.0,229,250,91.6,134,157,85.4,81,293,32,0,0,0,16,1,0,Matches
332,Marcelo Saracchi\Marcelo-Saracchi,uy URU,DF,RB Leipzig,2.0,0,0.3,-0.3,4,91,127,71.7,0,2,0.0,75,89,84.3,16,36,44.4,95,5,1,0,0,18,6,3,1,Matches
333,Josh Sargent\Josh-Sargent,us USA,FW,Werder Bremen,6.1,2,0.2,+1.8,3,102,133,76.7,4,15,26.7,87,103,84.5,11,15,73.3,20,97,0,0,0,2,5,1,0,Matches
334,Louis Schaub\Louis-Schaub,at AUT,MF,Köln,7.0,1,1.3,-0.3,11,220,281,78.3,8,21,38.1,185,213,86.9,27,47,57.4,216,40,4,1,18,10,17,2,0,Matches
335,Patrik Schick\Patrik-Schick,cz CZE,FW,RB Leipzig,4.0,1,0.7,+0.3,4,57,95,60.0,2,11,18.2,54,75,72.0,1,9,11.1,55,13,0,1,0,2,2,1,0,Matches
336,Julian Schieber\Julian-Schieber,de GER,FW,Augsburg,0.5,0,0.0,0.0,0,11,14,78.6,2,2,100.0,9,12,75.0,0,0,,11,2,0,0,0,0,1,1,0,Matches
337,Kingsley Schindler\Kingsley-Schindler,de GER,DF,Köln,8.9,2,0.6,+1.4,9,133,221,60.2,5,19,26.3,102,152,67.1,26,50,52.0,35,159,1,1,0,4,8,8,2,Matches
338,Xaver Schlager\Xaver-Schlager,at AUT,MF,Wolfsburg,4.6,1,0.9,+0.1,6,113,155,72.9,6,13,46.2,87,108,80.6,20,34,58.8,93,50,0,1,0,0,15,7,1,Matches
339,Keven Schlotterbeck\Keven-Schlotterbeck,de GER,DF,Union Berlin,7.6,0,0.0,0.0,0,244,303,80.5,1,4,25.0,128,145,88.3,115,154,74.7,193,77,10,0,0,1,16,2,1,Matches
340,Nico Schlotterbeck\Nico-Schlotterbeck,de GER,DF,Freiburg,3.9,0,0.1,-0.1,2,139,175,79.4,0,5,0.0,96,106,90.6,43,64,67.2,135,24,11,0,0,2,8,0,0,Matches
341,Marcel Schmelzer\Marcel-Schmelzer,de GER,DF,Dortmund,0.0,0,0.0,0.0,0,1,3,33.3,0,1,0.0,1,2,50.0,0,0,,3,0,0,0,0,0,0,0,0,Matches
342,Jonathan Schmid\Jonathan-Schmid,fr FRA,MF,Freiburg,15.9,1,1.8,-0.8,17,574,788,72.8,8,31,25.8,451,538,83.8,115,219,52.5,86,472,16,1,14,185,32,8,2,Matches
343,Manuel Schmiedebach\Manuel-Schmiedebach,de GER,MF,Union Berlin,1.6,0,0.0,0.0,0,32,43,74.4,1,1,100.0,25,31,80.6,6,11,54.5,6,30,1,0,0,0,7,0,0,Matches
344,Benno Schmitz\Benno-Schmitz,de GER,DF,Köln,4.7,0,0.2,-0.2,3,207,297,69.7,1,11,9.1,138,171,80.7,68,115,59.1,36,186,6,0,0,52,34,6,2,Matches
345,Sebastian Schonlau\Sebastian-Schonlau,de GER,MF,Paderborn 07,11.0,0,0.0,0.0,0,705,775,91.0,5,10,50.0,450,475,94.7,250,290,86.2,135,598,25,0,0,1,15,0,0,Matches
346,Alessandro Schöpf\Alessandro-Schopf,at AUT,MF,Schalke 04,2.1,0,0.0,0.0,0,53,65,81.5,2,3,66.7,46,54,85.2,5,8,62.5,22,40,0,0,0,2,5,0,0,Matches
347,Markus Schubert\Markus-Schubert,de GER,GK,Schalke 04,2.2,0,0.0,0.0,0,64,104,61.5,0,0,,21,21,100.0,43,83,51.8,13,73,3,0,0,0,0,0,0,Matches
348,Nico Schulz\Nico-Schulz,de GER,DFMF,Dortmund,6.3,0,0.2,-0.2,3,371,433,85.7,3,14,21.4,325,360,90.3,43,59,72.9,299,83,6,0,0,41,21,4,1,Matches
349,Alexander Schwolow\Alexander-Schwolow,de GER,GK,Freiburg,7.2,0,0.0,0.0,0,185,288,64.2,0,0,,96,96,100.0,89,192,46.4,42,198,15,0,0,0,3,0,0,Matches
350,Davie Selke\Davie-Selke,de GER,FW,Hertha BSC,9.6,1,0.5,+0.5,5,128,214,59.8,10,18,55.6,109,175,62.3,9,21,42.9,10,107,0,0,0,1,6,4,0,Matches
351,Suat Serdar\Suat-Serdar,de GER,MF,Schalke 04,12.9,0,0.9,-0.9,8,305,389,78.4,8,26,30.8,217,261,83.1,80,102,78.4,48,316,3,1,0,0,33,4,0,Matches
352,Khiry Shelton\Khiry-Shelton,us USA,FW,Paderborn 07,0.4,0,0.0,0.0,0,4,4,100.0,0,0,,4,4,100.0,0,0,,1,2,0,0,0,0,0,0,0,Matches
353,André Silva\Andre-Silva,pt POR,FW,Eint Frankfurt,5.9,1,1.5,-0.5,12,133,177,75.1,6,15,40.0,110,135,81.5,17,27,63.0,24,128,1,1,0,2,5,5,1,Matches
354,Sarpreet Singh\Sarpreet-Singh,nz NZL,MF,Bayern Munich,0.1,0,0.0,0.0,0,4,5,80.0,0,1,0.0,4,4,100.0,0,0,,4,1,0,0,0,0,0,0,0,Matches
355,Daley Sinkgraven\Daley-Sinkgraven,nl NED,MF,Bayer,2.6,0,0.2,-0.2,3,208,234,88.9,2,4,50.0,163,175,93.1,43,55,78.2,180,24,4,2,0,19,12,1,0,Matches
356,Ellyes Skhiri\Ellyes-Skhiri,tn TUN,MF,Köln,13.7,2,0.4,+1.6,10,531,634,83.8,14,21,66.7,395,465,84.9,122,148,82.4,65,514,26,0,0,5,39,11,0,Matches
357,Robert Skov\Robert-Skov,dk DEN,FW,Hoffenheim,14.8,4,2.7,+1.3,26,603,788,76.5,8,21,38.1,496,567,87.5,99,200,49.5,593,56,20,2,31,102,32,18,9,Matches
358,Dennis Smarsch\Dennis-Smarsch,de GER,GK,Hertha BSC,0.7,0,0.0,0.0,0,21,33,63.6,0,0,,9,9,100.0,12,24,50.0,5,25,3,0,0,0,0,0,0,Matches
359,Lasse Sobiech\Lasse-Sobiech,de GER,DFMF,Köln,1.0,0,0.0,0.0,1,26,39,66.7,0,0,,18,26,69.2,8,13,61.5,4,17,3,0,0,0,1,0,0,Matches
360,Marcel Sobottka\Marcel-Sobottka,de GER,MF,Düsseldorf,3.1,0,0.0,0.0,1,79,99,79.8,1,2,50.0,56,69,81.2,22,28,78.6,14,76,1,0,0,0,6,0,0,Matches
361,Yann Sommer\Yann-Sommer,ch SUI,GK,M'gladbach,17.0,0,0.0,0.0,0,625,768,81.4,0,0,,309,312,99.0,316,456,69.3,147,513,28,0,0,0,4,0,0,Matches
362,Djibril Sow\Djibril-Sow,ch SUI,MF,Eint Frankfurt,12.4,2,1.6,+0.4,22,481,580,82.9,13,30,43.3,343,385,89.1,125,165,75.8,96,436,14,0,13,4,59,12,5,Matches
363,Jerry St. Juste\Jerry-St-Juste,nl NED,DF,Mainz 05,12.7,1,0.0,+1.0,1,470,524,89.7,7,15,46.7,305,322,94.7,158,187,84.5,38,452,19,0,0,2,23,2,1,Matches
364,Kostas Stafylidis\Kostas-Stafylidis,gr GRE,DFMF,Hoffenheim,3.4,0,0.2,-0.2,2,109,135,80.7,0,2,0.0,87,97,89.7,22,36,61.1,74,18,2,0,0,33,7,4,3,Matches
365,Benjamin Stambouli\Benjamin-Stambouli,fr FRA,DFMF,Schalke 04,9.0,0,0.0,0.0,0,368,460,80.0,3,14,21.4,230,253,90.9,135,193,69.9,92,349,12,1,0,0,31,2,0,Matches
366,Niklas Stark\Niklas-Stark,de GER,DFMF,Hertha BSC,11.5,0,0.0,0.0,0,417,485,86.0,5,13,38.5,283,311,91.0,129,161,80.1,27,435,17,0,0,1,36,1,0,Matches
367,Renato Steffen\Renato-Steffen,ch SUI,MF,Wolfsburg,4.5,0,0.7,-0.7,6,158,210,75.2,3,10,30.0,131,161,81.4,24,39,61.5,153,16,1,0,0,26,9,9,4,Matches
368,Zack Steffen\Zack-Steffen,us USA,GK,Düsseldorf,17.0,0,0.2,-0.2,2,441,620,71.1,2,2,100.0,170,171,99.4,269,447,60.2,42,453,69,0,0,0,7,1,0,Matches
369,Lars Stindl\Lars-Stindl,de GER,MF,M'gladbach,3.5,2,0.8,+1.2,8,112,150,74.7,3,10,30.0,89,111,80.2,20,29,69.0,25,112,2,0,1,0,10,1,0,Matches
370,Tobias Strobl\Tobias-Strobl,de GER,DFMF,M'gladbach,1.4,0,0.0,0.0,1,80,89,89.9,0,2,0.0,55,59,93.2,25,28,89.3,6,78,1,1,0,0,4,0,0,Matches
371,Christian Strohdiek\Christian-Strohdiek,de GER,DF,Paderborn 07,5.0,0,0.2,-0.2,1,177,227,78.0,0,0,,96,109,88.1,81,118,68.6,28,181,15,1,0,0,14,1,0,Matches
372,Neven Subotić\Neven-Subotic,rs SRB,DF,Union Berlin,10.8,0,0.1,-0.1,4,302,406,74.4,3,12,25.0,167,206,81.1,132,188,70.2,85,269,12,0,0,1,30,1,0,Matches
373,Marek Suchý\Marek-Suchy,cz CZE,DF,Augsburg,1.5,0,0.0,0.0,0,39,44,88.6,0,2,0.0,31,32,96.9,8,10,80.0,8,33,1,0,0,0,0,0,0,Matches
374,Niklas Süle\Niklas-Sule,de GER,DF,Bayern Munich,7.1,1,0.4,+0.6,2,570,612,93.1,2,5,40.0,353,369,95.7,215,238,90.3,117,470,2,1,0,1,44,4,0,Matches
375,Markus Suttner\Markus-Suttner,at AUT,DFGK,Düsseldorf,3.8,1,0.2,+0.8,4,122,169,72.2,1,8,12.5,93,104,89.4,28,57,49.1,125,11,7,1,10,24,13,4,1,Matches
376,Ádám Szalai\Adam-Szalai,hu HUN,FW,Mainz 05,8.4,1,0.5,+0.5,9,135,204,66.2,9,17,52.9,116,168,69.0,10,19,52.6,26,116,0,1,0,1,7,0,0,Matches
377,Jonathan Tah\Jonathan-Tah,de GER,DF,Bayer,12.0,0,0.0,0.0,1,896,994,90.1,9,17,52.9,573,602,95.2,314,375,83.7,174,772,26,0,0,1,59,2,0,Matches
378,Georg Teigl\Georg-Teigl,at AUT,DFMF,Augsburg,1.1,0,0.0,0.0,0,19,24,79.2,0,2,0.0,16,16,100.0,3,6,50.0,3,15,2,0,0,4,0,0,0,Matches
379,Bernard Tekpetey\Bernard-Tekpetey,gh GHA,MF,Düsseldorf,4.3,0,0.1,-0.1,2,56,94,59.6,2,11,18.2,40,64,62.5,14,19,73.7,14,67,0,0,0,5,7,2,1,Matches
380,Lino Tempelmann\Lino-Tempelmann,de GER,MF,Freiburg,0.4,0,0.0,0.0,0,7,10,70.0,0,0,,5,8,62.5,2,2,100.0,3,7,0,0,0,0,0,0,0,Matches
381,Simon Terodde\Simon-Terodde,de GER,FW,Köln,8.2,0,0.2,-0.2,3,87,141,61.7,3,12,25.0,71,111,64.0,13,18,72.2,22,73,0,1,0,2,5,3,0,Matches
382,Niclas Thiede\Niclas-Thiede,de GER,GK,Freiburg,0.8,0,0.0,0.0,0,32,41,78.0,0,0,,24,24,100.0,8,17,47.1,22,8,2,0,0,0,1,0,0,Matches
383,Jan Thielmann\Jan-Thielmann,de GER,FW,Köln,2.3,1,0.1,+0.9,2,39,57,68.4,0,4,0.0,33,42,78.6,6,11,54.5,4,47,0,0,0,2,1,3,1,Matches
384,Erik Thommy\Erik-Thommy,de GER,MF,Düsseldorf,10.6,4,2.4,+1.6,24,231,352,65.6,7,28,25.0,167,212,78.8,57,112,50.9,65,257,16,1,24,7,18,6,2,Matches
385,Marcus Thuram\Marcus-Thuram,fr FRA,FW,M'gladbach,13.8,5,3.7,+1.3,14,263,381,69.0,17,34,50.0,231,308,75.0,15,39,38.5,58,259,1,1,0,4,9,8,0,Matches
386,Marcel Tisserand\Marcel-Tisserand,cd COD,DF,Wolfsburg,11.4,0,0.2,-0.2,2,451,587,76.8,4,13,30.8,287,332,86.4,160,242,66.1,66,463,23,1,0,5,43,4,1,Matches
387,Corentin Tolisso\Corentin-Tolisso,fr FRA,DFMF,Bayern Munich,5.1,0,0.9,-0.9,8,335,380,88.2,4,13,30.8,249,273,91.2,82,94,87.2,31,331,6,1,0,1,43,5,0,Matches
388,Ömer Toprak\Omer-Toprak,tr TUR,DF,Werder Bremen,3.1,0,0.0,0.0,0,153,170,90.0,0,0,,101,107,94.4,52,63,82.5,36,125,7,0,0,0,3,0,0,Matches
389,Lucas Torró\Lucas-Torro,es ESP,MF,Eint Frankfurt,1.5,0,0.0,0.0,1,61,68,89.7,0,0,,47,49,95.9,14,19,73.7,6,54,3,0,0,0,8,1,0,Matches
390,Jordan Torunarigha\Jordan-Torunarigha,de GER,DF,Hertha BSC,1.0,0,0.0,0.0,1,33,41,80.5,0,1,0.0,23,27,85.2,10,13,76.9,32,6,1,0,0,0,2,0,0,Matches
391,Almamy Touré\Almamy-Toure,ml MLI,DF,Eint Frankfurt,7.2,2,1.0,+1.0,11,228,316,72.2,3,10,30.0,177,219,80.8,48,87,55.2,38,232,1,0,0,16,31,7,2,Matches
392,Ibrahima Traoré\Ibrahima-Traore,gn GUI,MF,M'gladbach,0.1,0,0.0,0.0,0,2,2,100.0,0,0,,2,2,100.0,0,0,,1,1,0,0,0,0,0,0,0,Matches
393,Kevin Trapp\Kevin-Trapp,de GER,GK,Eint Frankfurt,6.0,0,0.0,0.0,0,151,216,69.9,1,1,100.0,74,74,100.0,76,141,53.9,29,154,18,0,0,0,8,0,0,Matches
394,Christopher Trimmel\Christopher-Trimmel,at AUT,FWMF,Union Berlin,17.0,4,3.0,+1.0,39,575,824,69.8,2,28,7.1,408,470,86.8,165,326,50.6,75,521,58,0,58,179,30,9,6,Matches
395,Anthony Ujah\Anthony-Ujah,ng NGA,FW,Union Berlin,5.7,0,0.3,-0.3,5,96,154,62.3,3,13,23.1,79,118,66.9,14,23,60.9,21,84,0,1,0,0,10,3,0,Matches
396,Sven Ulreich\Sven-Ulreich,de GER,GK,Bayern Munich,0.0,0,0.0,0.0,0,0,0,,0,0,,0,0,,0,0,,0,0,0,0,0,0,0,0,0,Matches
397,Dayot Upamecano\Dayot-Upamecano,fr FRA,DF,RB Leipzig,12.6,0,0.8,-0.8,6,844,935,90.3,5,13,38.5,529,561,94.3,310,361,85.9,126,758,22,1,0,2,85,5,0,Matches
398,Mark Uth\Mark-Uth,de GER,FW,Schalke 04,3.9,0,0.3,-0.3,2,82,114,71.9,1,4,25.0,67,89,75.3,14,21,66.7,93,10,1,0,0,0,1,1,0,Matches
399,Ruben Vargas\Ruben-Vargas,ch SUI,FW,Augsburg,14.2,0,1.9,-1.9,9,167,273,61.2,6,26,23.1,138,195,70.8,23,52,44.2,44,199,0,0,0,8,15,3,1,Matches
400,Sebastian Vasiliadis\Sebastian-Vasiliadis,gr GRE,MF,Paderborn 07,15.4,1,1.5,-0.5,16,444,561,79.1,5,22,22.7,341,400,85.3,98,139,70.5,121,392,10,1,1,4,38,9,1,Matches
401,Miloš Veljković\Milos-Veljkovic,rs SRB,DF,Werder Bremen,9.9,0,0.0,0.0,1,366,454,80.6,4,8,50.0,218,243,89.7,144,203,70.9,83,345,28,0,0,2,41,0,0,Matches
402,Birger Verstraete\Birger-Verstraete,be BEL,DF,Köln,7.4,1,0.8,+0.2,9,196,270,72.6,3,8,37.5,129,157,82.2,64,105,61.0,37,210,27,0,23,1,23,3,1,Matches
403,Kevin Vogt\Kevin-Vogt,de GER,DFMF,Hoffenheim,10.7,0,0.1,-0.1,1,776,830,93.5,3,6,50.0,470,491,95.7,303,333,91.0,36,754,16,0,0,0,30,1,0,Matches
404,Kevin Volland\Kevin-Volland,de GER,FW,Bayer,15.2,6,4.2,+1.8,25,288,405,71.1,12,34,35.3,235,305,77.0,41,66,62.1,251,117,0,6,0,6,24,15,3,Matches
405,Luca Waldschmidt\Luca-Waldschmidt,de GER,FW,Freiburg,6.0,1,0.3,+0.7,5,118,149,79.2,3,11,27.3,95,110,86.4,20,28,71.4,106,33,0,1,0,0,5,5,1,Matches
406,Wout Weghorst\Wout-Weghorst,nl NED,FW,Wolfsburg,16.1,2,1.6,+0.4,24,285,435,65.5,13,37,35.1,243,344,70.6,29,54,53.7,31,284,0,2,0,8,29,11,0,Matches
407,Julian Weigl\Julian-Weigl,de GER,MF,Dortmund,11.3,0,0.3,-0.3,4,753,824,91.4,9,19,47.4,474,504,94.0,270,301,89.7,87,710,16,1,0,1,52,5,0,Matches
408,Mitchell Weiser\Mitchell-Weiser,de GER,DFMF,Bayer,5.9,0,0.2,-0.2,5,386,481,80.2,4,23,17.4,343,387,88.6,39,71,54.9,71,305,3,0,0,73,19,9,5,Matches
409,Wendell\Wendell,br BRA,DF,Bayer,12.7,2,1.1,+0.9,7,956,1124,85.1,4,30,13.3,789,869,90.8,163,225,72.4,859,89,19,2,0,129,53,2,0,Matches
410,Oscar Wendt\Oscar-Wendt,se SWE,DF,M'gladbach,9.9,0,1.0,-1.0,11,467,609,76.7,3,22,13.6,398,453,87.9,66,134,49.3,369,100,16,0,14,116,26,10,4,Matches
411,Timo Werner\Timo-Werner,de GER,FWMF,RB Leipzig,15.8,6,5.7,+0.3,28,398,545,73.0,12,40,30.0,338,424,79.7,48,81,59.3,79,420,2,4,0,12,26,31,6,Matches
412,Felix Wiedwald\Felix-Wiedwald,de GER,GK,Eint Frankfurt,3.0,0,0.0,0.0,0,70,103,68.0,0,0,,32,36,88.9,38,67,56.7,4,79,7,0,0,0,2,0,0,Matches
413,William\William,br BRA,DF,Wolfsburg,13.9,1,1.6,-0.6,16,580,812,71.4,14,41,34.1,434,535,81.1,132,236,55.9,73,506,5,1,5,190,59,11,5,Matches
414,Axel Witsel\Axel-Witsel,be BEL,MF,Dortmund,12.1,3,1.5,+1.5,10,809,864,93.6,12,23,52.2,666,690,96.5,131,151,86.8,62,770,25,0,0,6,76,7,1,Matches
415,Hannes Wolf\Hannes-Wolf,at AUT,MF,RB Leipzig,0.2,0,0.0,0.0,0,4,7,57.1,0,2,0.0,4,5,80.0,0,0,,5,2,0,0,0,0,0,0,0,Matches
416,Marius Wolf\Marius-Wolf,de GER,FW,Hertha BSC,10.3,2,1.5,+0.5,14,273,405,67.4,11,39,28.2,199,255,78.0,63,111,56.8,17,310,7,3,2,38,27,9,5,Matches
417,Dan-Axel Zagadou\Dan-Axel-Zagadou,fr FRA,DF,Dortmund,5.3,1,0.3,+0.7,4,328,360,91.1,1,2,50.0,243,258,94.2,84,100,84.0,277,59,6,0,0,1,20,0,0,Matches
418,Denis Zakaria\Denis-Zakaria,ch SUI,MF,M'gladbach,15.2,1,0.6,+0.4,6,517,604,85.6,15,24,62.5,391,438,89.3,111,142,78.2,13,564,18,1,0,2,47,9,0,Matches
419,Robin Zentner\Robin-Zentner,de GER,GK,Mainz 05,14.0,0,0.1,-0.1,1,344,523,65.8,2,2,100.0,176,177,99.4,166,344,48.3,52,357,26,0,0,0,16,0,0,Matches
420,Jean Zimmer\Jean-Zimmer,de GER,DF,Düsseldorf,5.9,0,0.7,-0.7,9,118,177,66.7,2,6,33.3,86,119,72.3,30,52,57.7,17,129,10,0,11,25,11,4,0,Matches
421,Matthias Zimmermann\Matthias-Zimmermann,de GER,DFMF,Düsseldorf,17.0,0,0.3,-0.3,11,612,830,73.7,6,31,19.4,445,528,84.3,161,271,59.4,49,575,8,1,0,142,56,11,5,Matches
422,Leopold Zingerle\Leopold-Zingerle,de GER,GK,Paderborn 07,11.0,0,0.0,0.0,0,437,519,84.2,3,3,100.0,261,261,100.0,173,255,67.8,46,395,28,0,0,0,1,0,0,Matches
423,Joshua Zirkzee\Joshua-Zirkzee,nl NED,FW,Bayern Munich,0.1,0,0.0,0.0,0,4,5,80.0,0,1,0.0,4,4,100.0,0,0,,2,2,0,0,0,0,2,1,0,Matches
424,Ben Zolinski\Ben-Zolinski,de GER,DFMF,Paderborn 07,9.1,1,1.1,-0.1,10,193,261,73.9,6,17,35.3,153,194,78.9,34,50,68.0,39,194,0,1,0,3,20,4,1,Matches
425,Steven Zuber\Steven-Zuber,ch SUI,MF,Hoffenheim,1.0,0,0.2,-0.2,2,36,46,78.3,0,1,0.0,31,38,81.6,5,7,71.4,18,20,0,0,0,7,0,1,1,Matches