Rk,Player,Nation,Pos,Squad,90s,Gls,PK,PKatt,Sh,SoT,FK,SoT%,Sh/90,SoT/90,G/Sh,G/SoT,xG,npxG,npxG/Sh,G-xG,np:G-xG,Matches
1,Suleiman Abdullahi\Suleiman-Abdullahi,ng NGA,FW,Union Berlin,1.1,0,0,0,3,1,0,33.3,2.78,0.93,0.00,0.00,0.3,0.3,0.11,-0.3,-0.3,Matches
2,David Abraham\David-Abraham,ar ARG,DF,Eint Frankfurt,7.6,1,0,0,2,1,0,50.0,0.26,0.13,0.50,1.00,0.7,0.7,0.34,+0.3,+0.3,Matches
3,Amir Abrashi\Amir-Abrashi,al ALB,MF,Freiburg,2.4,0,0,0,1,0,0,0.0,0.42,0.00,0.00,,0.0,0.0,0.02,0.0,0.0,Matches
4,Tyler Adams\Tyler-Adams,us USA,MF,RB Leipzig,1.0,0,0,0,0,0,0,,0.00,0.00,,,0.0,0.0,,0.0,0.0,Matches
5,Sargis Adamyan\Sargis-Adamyan,am ARM,FWMF,Hoffenheim,7.4,4,0,0,18,9,0,50.0,2.42,1.21,0.22,0.44,3.9,3.9,0.22,+0.1,+0.1,Matches
6,Manuel Akanji\Manuel-Akanji,ch SUI,MF,Dortmund,15.2,0,0,0,6,2,0,33.3,0.40,0.13,0.00,0.00,0.6,0.6,0.09,-0.6,-0.6,Matches
7,Kevin Akpoguma\Kevin-Akpoguma,de GER,DF,Hoffenheim,7.7,0,0,0,2,0,0,0.0,0.26,0.00,0.00,,0.1,0.1,0.06,-0.1,-0.1,Matches
8,David Alaba\David-Alaba,at AUT,DFMF,Bayern Munich,11.9,1,0,0,10,5,5,50.0,0.84,0.42,0.10,0.20,0.5,0.5,0.05,+0.5,+0.5,Matches
9,Lucas Alario\Lucas-Alario,ar ARG,FW,Bayer,7.5,5,0,0,29,11,0,37.9,3.85,1.46,0.17,0.45,4.4,4.4,0.15,+0.6,+0.6,Matches
10,Paco Alcácer\Paco-Alcacer,es ESP,FW,Dortmund,5.9,5,0,0,15,7,0,46.7,2.56,1.19,0.33,0.71,3.7,3.7,0.25,+1.3,+1.3,Matches
11,Thiago Alcántara\Thiago-Alcantara,es ESP,MF,Bayern Munich,10.9,0,0,0,9,3,0,33.3,0.83,0.28,0.00,0.00,1.1,1.1,0.13,-1.1,-1.1,Matches
12,Nadiem Amiri\Nadiem-Amiri,de GER,MF,Bayer,11.8,0,0,0,30,11,0,36.7,2.54,0.93,0.00,0.00,1.7,1.7,0.06,-1.7,-1.7,Matches
13,Ethan Ampadu\Ethan-Ampadu,wal WAL,MF,RB Leipzig,0.5,0,0,0,0,0,0,,0.00,0.00,,,0.0,0.0,,0.0,0.0,Matches
14,Opoku Ampomah\Opoku-Ampomah,gh GHA,MF,Düsseldorf,3.3,0,0,0,7,4,0,57.1,2.14,1.22,0.00,0.00,0.3,0.3,0.04,-0.3,-0.3,Matches
15,Sebastian Andersson\Sebastian-Andersson,se SWE,FW,Union Berlin,15.5,8,1,2,34,22,0,64.7,2.20,1.42,0.21,0.32,7.7,6.2,0.18,+0.3,+0.8,Matches
16,Robert Andrich\Robert-Andrich,de GER,MF,Union Berlin,16.0,0,0,0,28,4,2,14.3,1.75,0.25,0.00,0.00,0.8,0.8,0.03,-0.8,-0.8,Matches
17,Christopher Antwi-Adjei\Christopher-Antwi-Adjei,gh GHA,MF,Paderborn 07,11.7,0,0,0,24,8,0,33.3,2.06,0.69,0.00,0.00,2.2,2.2,0.09,-2.2,-2.2,Matches
18,Charles Aránguiz\Charles-Aranguiz,cl CHI,MF,Bayer,14.2,1,0,0,10,2,0,20.0,0.70,0.14,0.10,0.50,1.0,1.0,0.10,0.0,0.0,Matches
19,Maximilian Arnold\Maximilian-Arnold,de GER,MF,Wolfsburg,15.8,2,0,0,33,10,2,30.3,2.09,0.63,0.06,0.20,1.7,1.7,0.05,+0.3,+0.3,Matches
20,Ludwig Augustinsson\Ludwig-Augustinsson,se SWE,DF,Werder Bremen,5.7,0,0,0,1,0,0,0.0,0.17,0.00,0.00,,0.1,0.1,0.08,-0.1,-0.1,Matches
21,Taiwo Awoniyi\Taiwo-Awoniyi,ng NGA,FW,Mainz 05,1.7,0,0,0,5,1,0,20.0,3.00,0.60,0.00,0.00,0.7,0.7,0.13,-0.7,-0.7,Matches
22,Kaan Ayhan\Kaan-Ayhan,tr TUR,DFMF,Düsseldorf,15.9,1,0,0,17,3,4,17.6,1.07,0.19,0.06,0.33,1.7,1.7,0.10,-0.7,-0.7,Matches
23,Matthias Bader\Matthias-Bader,de GER,DF,Köln,0.1,0,0,0,0,0,0,,0.00,0.00,,,0.0,0.0,,0.0,0.0,Matches
24,Daniel Baier\Daniel-Baier,de GER,MF,Augsburg,11.7,1,0,0,11,1,0,9.1,0.94,0.09,0.09,1.00,0.4,0.4,0.04,+0.6,+0.6,Matches
25,Leon Bailey\Leon-Bailey,jm JAM,FW,Bayer,5.0,3,0,0,14,4,0,28.6,2.78,0.79,0.21,0.75,1.8,1.8,0.13,+1.2,+1.2,Matches
26,Lewis Baker\Lewis-Baker,eng ENG,MF,Düsseldorf,6.1,0,0,0,12,5,2,41.7,1.97,0.82,0.00,0.00,0.5,0.5,0.04,-0.5,-0.5,Matches
27,Ridle Baku\Ridle-Baku,de GER,MF,Mainz 05,11.1,0,0,0,9,1,0,11.1,0.81,0.09,0.00,0.00,0.3,0.3,0.04,-0.3,-0.3,Matches
28,Leonardo Balerdi\Leonardo-Balerdi,ar ARG,DF,Dortmund,0.1,0,0,0,0,0,0,,0.00,0.00,,,0.0,0.0,,0.0,0.0,Matches
29,Philipp Bargfrede\Philipp-Bargfrede,de GER,MF,Werder Bremen,4.0,0,0,0,3,0,0,0.0,0.76,0.00,0.00,,0.1,0.1,0.03,-0.1,-0.1,Matches
30,Aymen Barkok\Aymen-Barkok,de GER,MF,Düsseldorf,0.9,0,0,0,0,0,0,,0.00,0.00,,,0.0,0.0,,0.0,0.0,Matches
31,Leandro Barreiro Martins\Leandro-Barreiro-Martins,lu LUX,MF,Mainz 05,0.6,0,0,0,1,0,0,0.0,1.61,0.00,0.00,,0.1,0.1,0.07,-0.1,-0.1,Matches
32,Fin Bartels\Fin-Bartels,de GER,FWMF,Werder Bremen,0.4,0,0,0,3,2,0,66.7,7.30,4.86,0.00,0.00,0.3,0.3,0.09,-0.3,-0.3,Matches
33,Oliver Baumann\Oliver-Baumann,de GER,GK,Hoffenheim,17.0,0,0,0,0,0,0,,0.00,0.00,,,0.0,0.0,,0.0,0.0,Matches
34,Julian Baumgartlinger\Julian-Baumgartlinger,at AUT,DFMF,Bayer,10.5,0,0,0,8,1,0,12.5,0.76,0.10,0.00,0.00,0.5,0.5,0.06,-0.5,-0.5,Matches
35,Christoph Baumgartner\Christoph-Baumgartner,at AUT,MF,Hoffenheim,3.1,1,0,0,14,5,0,35.7,4.52,1.61,0.07,0.20,2.0,2.0,0.14,-1.0,-1.0,Matches
36,Ihlas Bebou\Ihlas-Bebou,tg TOG,FWMF,Hoffenheim,14.2,3,0,0,21,11,0,52.4,1.48,0.77,0.14,0.27,2.3,2.3,0.11,+0.7,+0.7,Matches
37,Sheraldo Becker\Sheraldo-Becker,nl NED,MF,Union Berlin,5.3,0,0,0,7,4,0,57.1,1.33,0.76,0.00,0.00,0.2,0.2,0.03,-0.2,-0.2,Matches
38,Timo Becker\Timo-Becker,de GER,DF,Schalke 04,0.0,0,0,0,0,0,0,,,,,,0.0,0.0,,0.0,0.0,Matches
39,Ishak Belfodil\Ishak-Belfodil,dz ALG,FW,Hoffenheim,3.0,0,0,0,10,2,0,20.0,3.35,0.67,0.00,0.00,1.3,1.3,0.13,-1.3,-1.3,Matches
40,Karim Bellarabi\Karim-Bellarabi,de GER,FWMF,Bayer,9.9,2,0,0,37,17,0,45.9,3.74,1.72,0.05,0.12,3.4,3.4,0.09,-1.4,-1.4,Matches
41,Lars Bender\Lars-Bender,de GER,MF,Bayer,9.7,0,0,0,12,0,0,0.0,1.23,0.00,0.00,,0.5,0.5,0.04,-0.5,-0.5,Matches
42,Sven Bender\Sven-Bender,de GER,MF,Bayer,16.3,0,0,0,9,2,0,22.2,0.55,0.12,0.00,0.00,0.7,0.7,0.08,-0.7,-0.7,Matches
43,László Bénes\Laszlo-Benes,sk SVK,MF,M'gladbach,9.1,0,0,0,19,6,5,31.6,2.09,0.66,0.00,0.00,1.0,1.0,0.05,-1.0,-1.0,Matches
44,Ramy Bensebaini\Ramy-Bensebaini,dz ALG,DFMF,M'gladbach,7.1,3,1,1,6,4,0,66.7,0.85,0.57,0.33,0.50,1.8,1.1,0.18,+1.2,+0.9,Matches
45,Louis Beyer\Louis-Beyer,de GER,DF,M'gladbach,1.2,0,0,0,0,0,0,,0.00,0.00,,,0.0,0.0,,0.0,0.0,Matches
46,Ermin Bičakčić\Ermin-Bicakcic,ba BIH,DF,Hoffenheim,6.9,2,0,0,3,2,0,66.7,0.44,0.29,0.67,1.00,0.4,0.4,0.12,+1.6,+1.6,Matches
47,Leonardo Bittencourt\Leonardo-Bittencourt,de GER,MF,Hoffenheim,0.0,0,0,0,1,0,0,0.0,45.00,0.00,0.00,,0.0,0.0,0.04,0.0,0.0,Matches
48,Leonardo Bittencourt\Leonardo-Bittencourt,de GER,MF,Werder Bremen,11.0,2,0,0,21,7,0,33.3,1.90,0.63,0.10,0.29,1.9,1.9,0.09,+0.1,+0.1,Matches
49,Jérôme Boateng\Jerome-Boateng,de GER,DF,Bayern Munich,6.5,0,0,0,2,0,0,0.0,0.31,0.00,0.00,,0.0,0.0,0.02,0.0,0.0,Matches
50,Adam Bodzek\Adam-Bodzek,de GER,DFMF,Düsseldorf,13.3,0,0,0,7,3,0,42.9,0.52,0.23,0.00,0.00,0.5,0.5,0.08,-0.5,-0.5,Matches
51,Jean-Paul Boëtius\Jean-Paul-Boetius,nl NED,FWMF,Mainz 05,16.4,3,0,0,23,8,0,34.8,1.41,0.49,0.13,0.38,1.9,1.9,0.08,+1.1,+1.1,Matches
52,Robin Bormuth\Robin-Bormuth,de GER,DF,Düsseldorf,2.0,0,0,0,0,0,0,,0.00,0.00,,,0.0,0.0,,0.0,0.0,Matches
53,Sebastiaan Bornauw\Sebastiaan-Bornauw,be BEL,DF,Köln,15.9,3,0,0,9,4,0,44.4,0.57,0.25,0.33,0.75,0.9,0.9,0.10,+2.1,+2.1,Matches
54,Brandon Borrello\Brandon-Borrello,au AUS,FW,Freiburg,3.3,0,0,0,6,1,0,16.7,1.81,0.30,0.00,0.00,0.2,0.2,0.03,-0.2,-0.2,Matches
55,Nassim Boujellab\Nassim-Boujellab,de GER,FW,Schalke 04,0.1,0,0,0,0,0,0,,0.00,0.00,,,0.0,0.0,,0.0,0.0,Matches
56,Dedryck Boyata\Dedryck-Boyata,be BEL,DF,Hertha BSC,13.6,1,0,0,8,1,0,12.5,0.59,0.07,0.13,1.00,0.6,0.6,0.08,+0.4,+0.4,Matches
57,Julian Brandt\Julian-Brandt,de GER,MF,Dortmund,11.7,2,0,0,22,10,0,45.5,1.87,0.85,0.09,0.20,3.1,3.1,0.14,-1.1,-1.1,Matches
58,Josip Brekalo\Josip-Brekalo,hr CRO,FW,Wolfsburg,7.8,2,0,0,18,8,1,44.4,2.32,1.03,0.11,0.25,1.6,1.6,0.09,+0.4,+0.4,Matches
59,John Brooks\John-Brooks,us USA,DF,Wolfsburg,11.0,0,0,0,5,2,0,40.0,0.45,0.18,0.00,0.00,0.8,0.8,0.18,-0.8,-0.8,Matches
60,Daniel Brosinski\Daniel-Brosinski,de GER,DFMF,Mainz 05,10.7,2,1,1,12,3,2,25.0,1.12,0.28,0.08,0.33,1.4,0.7,0.06,+0.6,+0.3,Matches
61,Jeffrey Bruma\Jeffrey-Bruma,nl NED,DF,Wolfsburg,9.0,0,0,0,9,2,0,22.2,1.00,0.22,0.00,0.00,1.3,1.3,0.14,-1.3,-1.3,Matches
62,Jacob Bruun Larsen\Jacob-Bruun-Larsen,dk DEN,MF,Dortmund,0.7,0,0,0,0,0,0,,0.00,0.00,,,0.0,0.0,,0.0,0.0,Matches
63,Marius Bülter\Marius-Bulter,de GER,MF,Union Berlin,12.2,3,0,0,17,7,0,41.2,1.39,0.57,0.18,0.43,1.3,1.3,0.08,+1.7,+1.7,Matches
64,Guido Burgstaller\Guido-Burgstaller,at AUT,MF,Schalke 04,10.9,0,0,0,30,7,0,23.3,2.75,0.64,0.00,0.00,4.3,4.3,0.14,-4.3,-4.3,Matches
65,Jonathan Burkardt\Jonathan-Burkardt,de GER,FW,Mainz 05,1.0,0,0,0,4,0,0,0.0,3.87,0.00,0.00,,0.6,0.6,0.14,-0.6,-0.6,Matches
66,Roman Bürki\Roman-Burki,ch SUI,GK,Dortmund,13.8,0,0,0,0,0,0,,0.00,0.00,,,0.0,0.0,,0.0,0.0,Matches
67,Daniel Caligiuri\Daniel-Caligiuri,it ITA,MF,Schalke 04,15.1,1,0,0,27,6,7,22.2,1.79,0.40,0.04,0.17,1.3,1.3,0.05,-0.3,-0.3,Matches
68,Koen Casteels\Koen-Casteels,be BEL,GK,Wolfsburg,9.0,0,0,0,0,0,0,,0.00,0.00,,,0.0,0.0,,0.0,0.0,Matches
69,Timothy Chandler\Timothy-Chandler,us USA,DFMF,Eint Frankfurt,4.5,0,0,0,1,0,0,0.0,0.22,0.00,0.00,,0.0,0.0,0.04,0.0,0.0,Matches
70,Kwon Chang-hoon\Kwon-Chang-hoon,kr KOR,MF,Freiburg,1.8,1,0,0,5,2,0,40.0,2.83,1.13,0.20,0.50,0.7,0.7,0.15,+0.3,+0.3,Matches
71,Darko Churlinov\Darko-Churlinov,mk MKD,MF,Köln,0.2,0,0,0,0,0,0,,0.00,0.00,,,0.0,0.0,,0.0,0.0,Matches
72,Per Ciljan Skjelbred\Per-Ciljan-Skjelbred,no NOR,MF,Hertha BSC,9.9,0,0,0,0,0,0,,0.00,0.00,,,0.0,0.0,,0.0,0.0,Matches
73,Jamilu Collins\Jamilu-Collins,ng NGA,DF,Paderborn 07,16.0,1,0,1,9,1,1,11.1,0.56,0.06,0.11,1.00,1.6,0.8,0.09,-0.6,+0.2,Matches
74,Kingsley Coman\Kingsley-Coman,fr FRA,FWMF,Bayern Munich,9.8,1,0,0,20,7,0,35.0,2.03,0.71,0.05,0.14,2.0,2.0,0.10,-1.0,-1.0,Matches
75,Jhon Córdoba\Jhon-Cordoba,co COL,FW,Köln,9.1,4,0,0,31,11,0,35.5,3.42,1.21,0.13,0.36,3.6,3.6,0.12,+0.4,+0.4,Matches
76,Sergio Córdova\Sergio-Cordova,ve VEN,FW,Augsburg,2.9,1,0,0,2,1,0,50.0,0.70,0.35,0.50,1.00,0.6,0.6,0.29,+0.4,+0.4,Matches
77,Danny da Costa\Danny-da-Costa,de GER,DF,Eint Frankfurt,10.3,1,0,0,12,3,0,25.0,1.16,0.29,0.08,0.33,0.9,0.9,0.07,+0.1,+0.1,Matches
78,Philippe Coutinho\Philippe-Coutinho,br BRA,FWMF,Bayern Munich,10.9,6,1,1,41,16,2,39.0,3.76,1.47,0.12,0.31,6.6,5.9,0.14,-0.6,-0.9,Matches
79,Mickaël Cuisance\Mickael-Cuisance,fr FRA,MF,Bayern Munich,0.3,0,0,0,2,0,0,0.0,6.00,0.00,0.00,,0.0,0.0,0.02,0.0,0.0,Matches
80,Matheus Cunha\Matheus-Cunha,br BRA,,RB Leipzig,3.0,0,0,0,16,7,0,43.8,5.27,2.31,0.00,0.00,2.1,2.1,0.13,-2.1,-2.1,Matches
81,Rafael Czichos\Rafael-Czichos,de GER,DF,Köln,14.4,1,0,0,5,2,0,40.0,0.35,0.14,0.20,0.50,0.7,0.7,0.14,+0.3,+0.3,Matches
82,Mahmoud Dahoud\Mahmoud-Dahoud,de GER,MF,Dortmund,2.8,0,0,0,8,2,0,25.0,2.89,0.72,0.00,0.00,1.0,1.0,0.13,-1.0,-1.0,Matches
83,Leon Dajaku\Leon-Dajaku,de GER,FW,Bayern Munich,0.0,0,0,0,0,0,0,,,,,,0.0,0.0,,0.0,0.0,Matches
84,Vladimír Darida\Vladimir-Darida,cz CZE,MF,Hertha BSC,14.0,3,0,0,25,8,0,32.0,1.79,0.57,0.12,0.38,2.2,2.2,0.09,+0.8,+0.8,Matches
85,Alphonso Davies\Alphonso-Davies,ca CAN,FW,Bayern Munich,10.1,1,0,0,7,2,0,28.6,0.69,0.20,0.14,0.50,0.9,0.9,0.13,+0.1,+0.1,Matches
86,Thomas Delaney\Thomas-Delaney,dk DEN,MF,Dortmund,5.3,0,0,0,3,0,0,0.0,0.56,0.00,0.00,,0.5,0.5,0.17,-0.5,-0.5,Matches
87,Kerem Demirbay\Kerem-Demirbay,de GER,MF,Bayer,8.4,0,0,0,16,5,1,31.3,1.91,0.60,0.00,0.00,1.0,1.0,0.06,-1.0,-1.0,Matches
88,Diego Demme\Diego-Demme,de GER,DFMF,RB Leipzig,13.5,0,0,0,4,2,0,50.0,0.30,0.15,0.00,0.00,0.4,0.4,0.09,-0.4,-0.4,Matches
89,Moussa Diaby\Moussa-Diaby,fr FRA,MF,Bayer,6.3,1,0,0,18,11,0,61.1,2.87,1.76,0.06,0.09,2.1,2.1,0.11,-1.1,-1.1,Matches
90,Javairô Dilrosun\Javairo-Dilrosun,nl NED,FW,Hertha BSC,9.1,3,0,0,16,5,2,31.3,1.76,0.55,0.19,0.60,1.5,1.5,0.09,+1.5,+1.5,Matches
91,Bas Dost\Bas-Dost,nl NED,FW,Eint Frankfurt,8.5,4,0,0,18,11,0,61.1,2.12,1.30,0.22,0.36,3.3,3.3,0.18,+0.7,+0.7,Matches
92,Mohamed Dräger\Mohamed-Drager,tn TUN,MF,Paderborn 07,9.4,0,0,0,8,1,0,12.5,0.86,0.11,0.00,0.00,0.2,0.2,0.03,-0.2,-0.2,Matches
93,Aleksandar Dragović\Aleksandar-Dragovic,at AUT,DFMF,Bayer,6.0,0,0,0,2,0,0,0.0,0.33,0.00,0.00,,0.5,0.5,0.25,-0.5,-0.5,Matches
94,Dominick Drexler\Dominick-Drexler,de GER,FW,Köln,10.6,2,0,0,14,7,0,50.0,1.32,0.66,0.14,0.29,1.9,1.9,0.13,+0.1,+0.1,Matches
95,Ondrej Duda\Ondrej-Duda,sk SVK,MF,Hertha BSC,5.0,0,0,0,7,5,2,71.4,1.40,1.00,0.00,0.00,0.5,0.5,0.08,-0.5,-0.5,Matches
96,Erik Durm\Erik-Durm,de GER,DFFW,Eint Frankfurt,4.7,0,0,0,12,3,0,25.0,2.54,0.64,0.00,0.00,0.6,0.6,0.05,-0.6,-0.6,Matches
97,Johannes Eggestein\Johannes-Eggestein,de GER,FW,Werder Bremen,4.8,1,0,0,11,5,0,45.5,2.28,1.04,0.09,0.20,0.8,0.8,0.07,+0.2,+0.2,Matches
98,Maximilian Eggestein\Maximilian-Eggestein,de GER,MF,Werder Bremen,15.7,0,0,0,27,7,0,25.9,1.72,0.44,0.00,0.00,1.4,1.4,0.05,-1.4,-1.4,Matches
99,Kingsley Ehizibue\Kingsley-Ehizibue,nl NED,DF,Köln,12.4,0,0,0,8,3,0,37.5,0.65,0.24,0.00,0.00,0.5,0.5,0.06,-0.5,-0.5,Matches
100,Nico Elvedi\Nico-Elvedi,ch SUI,DF,M'gladbach,14.7,1,0,0,5,1,0,20.0,0.34,0.07,0.20,1.00,0.3,0.3,0.06,+0.7,+0.7,Matches
101,Breel Embolo\Breel-Embolo,ch SUI,FWMF,M'gladbach,10.0,6,0,1,24,12,0,50.0,2.39,1.19,0.25,0.50,4.2,3.5,0.15,+1.8,+2.5,Matches
102,Alexander Esswein\Alexander-Esswein,de GER,FWMF,Hertha BSC,0.3,0,0,0,0,0,0,,0.00,0.00,,,0.0,0.0,,0.0,0.0,Matches
103,Simon Falette\Simon-Falette,gn GUI,DF,Eint Frankfurt,1.0,0,0,0,0,0,0,,0.00,0.00,,,0.0,0.0,,0.0,0.0,Matches
104,Ohis Felix Uduokhai\Ohis-Felix-Uduokhai,de GER,DF,Augsburg,10.4,0,0,0,5,0,0,0.0,0.48,0.00,0.00,,0.2,0.2,0.04,-0.2,-0.2,Matches
105,Edimilson Fernandes\Edimilson-Fernandes,ch SUI,MF,Mainz 05,13.1,0,0,0,18,1,0,5.6,1.37,0.08,0.00,0.00,0.5,0.5,0.03,-0.5,-0.5,Matches
106,Gelson Fernandes\Gelson-Fernandes,ch SUI,MF,Eint Frankfurt,7.5,0,0,0,0,0,0,,0.00,0.00,,,0.0,0.0,,0.0,0.0,Matches
107,Oliver Fink\Oliver-Fink,de GER,MF,Düsseldorf,5.7,0,0,0,8,0,0,0.0,1.41,0.00,0.00,,0.5,0.5,0.06,-0.5,-0.5,Matches
108,Alfreð Finnbogason\Alfred-Finnbogason,is ISL,FW,Augsburg,6.1,2,1,1,10,4,0,40.0,1.65,0.66,0.10,0.25,3.1,2.4,0.24,-1.1,-1.4,Matches
109,Mark Flekken\Mark-Flekken,nl NED,GK,Freiburg,9.0,0,0,0,0,0,0,,0.00,0.00,,,0.0,0.0,,0.0,0.0,Matches
110,Emil Forsberg\Emil-Forsberg,se SWE,MF,RB Leipzig,7.8,4,2,2,13,5,1,38.5,1.67,0.64,0.15,0.40,2.6,1.1,0.08,+1.4,+0.9,Matches
111,Raphael Framberger\Raphael-Framberger,de GER,DF,Augsburg,3.8,0,0,0,0,0,0,,0.00,0.00,,,0.0,0.0,,0.0,0.0,Matches
112,Mike Frantz\Mike-Frantz,de GER,FWMF,Freiburg,2.7,0,0,0,3,0,0,0.0,1.12,0.00,0.00,,0.2,0.2,0.08,-0.2,-0.2,Matches
113,Marco Friedl\Marco-Friedl,at AUT,DF,Werder Bremen,12.2,1,0,0,4,2,0,50.0,0.33,0.16,0.25,0.50,0.9,0.9,0.22,+0.1,+0.1,Matches
114,Marvin Friedrich\Marvin-Friedrich,de GER,DF,Union Berlin,16.0,0,0,0,15,1,0,6.7,0.94,0.06,0.00,0.00,0.8,0.8,0.06,-0.8,-0.8,Matches
115,Niclas Füllkrug\Niclas-Fullkrug,de GER,FW,Werder Bremen,3.2,2,0,0,15,6,0,40.0,4.62,1.85,0.13,0.33,1.6,1.6,0.11,+0.4,+0.4,Matches
116,Mijat Gaćinović\Mijat-Gacinovic,rs SRB,MF,Eint Frankfurt,4.4,0,0,0,13,3,2,23.1,2.95,0.68,0.00,0.00,0.8,0.8,0.06,-0.8,-0.8,Matches
117,Theodor Gebre Selassie\Theodor-Gebre-Selassie,cz CZE,DFMF,Werder Bremen,14.5,1,0,0,4,2,0,50.0,0.28,0.14,0.25,0.50,0.6,0.6,0.14,+0.4,+0.4,Matches
118,Dennis Geiger\Dennis-Geiger,de GER,MF,Hoffenheim,9.7,0,0,0,10,1,1,10.0,1.04,0.10,0.00,0.00,1.0,1.0,0.10,-1.0,-1.0,Matches
119,Christian Gentner\Christian-Gentner,de GER,MF,Union Berlin,14.4,0,0,0,21,6,0,28.6,1.45,0.42,0.00,0.00,1.5,1.5,0.07,-1.5,-1.5,Matches
120,Yannick Gerhardt\Yannick-Gerhardt,de GER,MF,Wolfsburg,4.6,0,0,0,3,0,0,0.0,0.65,0.00,0.00,,0.1,0.1,0.04,-0.1,-0.1,Matches
121,Niko Gießelmann\Niko-Giesselmann,de GER,DF,Düsseldorf,15.0,1,0,0,10,1,2,10.0,0.67,0.07,0.10,1.00,0.4,0.4,0.04,+0.6,+0.6,Matches
122,Rafał Gikiewicz\Rafal-Gikiewicz,pl POL,GK,Union Berlin,17.0,0,0,0,0,0,0,,0.00,0.00,,,0.0,0.0,,0.0,0.0,Matches
123,Daniel Ginczek\Daniel-Ginczek,de GER,FW,Wolfsburg,0.2,0,0,0,2,1,0,50.0,10.00,5.00,0.00,0.00,0.1,0.1,0.07,-0.1,-0.1,Matches
124,Matthias Ginter\Matthias-Ginter,de GER,DFMF,M'gladbach,13.9,0,0,0,11,5,0,45.5,0.79,0.36,0.00,0.00,1.2,1.2,0.11,-1.2,-1.2,Matches
125,Klaus Gjasula\Klaus-Gjasula,al ALB,MF,Paderborn 07,14.6,1,0,1,6,2,0,33.3,0.41,0.14,0.17,0.50,1.5,0.7,0.12,-0.5,+0.3,Matches
126,Serge Gnabry\Serge-Gnabry,de GER,FWMF,Bayern Munich,12.8,6,0,0,54,23,0,42.6,4.23,1.80,0.11,0.26,6.7,6.7,0.12,-0.7,-0.7,Matches
127,Akaki Gogia\Akaki-Gogia,de GER,FWMF,Union Berlin,1.3,0,0,0,1,0,0,0.0,0.74,0.00,0.00,,0.0,0.0,0.02,0.0,0.0,Matches
128,Benjamin Goller\Benjamin-Goller,de GER,MF,Werder Bremen,3.0,0,0,0,2,0,0,0.0,0.67,0.00,0.00,,0.2,0.2,0.08,-0.2,-0.2,Matches
129,Jérôme Gondorf\Jerome-Gondorf,de GER,MF,Freiburg,1.4,0,0,0,2,1,0,50.0,1.48,0.74,0.00,0.00,0.1,0.1,0.03,-0.1,-0.1,Matches
130,Leon Goretzka\Leon-Goretzka,de GER,MF,Bayern Munich,4.1,0,0,0,10,1,0,10.0,2.47,0.25,0.00,0.00,1.0,1.0,0.10,-1.0,-1.0,Matches
131,Mario Götze\Mario-Gotze,de GER,MF,Dortmund,5.4,3,1,1,7,3,0,42.9,1.29,0.55,0.29,0.67,1.6,0.8,0.12,+1.4,+1.2,Matches
132,Jeffrey Gouweleeuw\Jeffrey-Gouweleeuw,nl NED,DF,Augsburg,6.1,0,0,0,0,0,0,,0.00,0.00,,,0.0,0.0,,0.0,0.0,Matches
133,Michael Gregoritsch\Michael-Gregoritsch,at AUT,FW,Augsburg,3.4,0,0,0,4,0,1,0.0,1.19,0.00,0.00,,0.1,0.1,0.04,-0.1,-0.1,Matches
134,Vincenzo Grifo\Vincenzo-Grifo,it ITA,MF,Hoffenheim,0.2,0,0,0,0,0,0,,0.00,0.00,,,0.0,0.0,,0.0,0.0,Matches
135,Vincenzo Grifo\Vincenzo-Grifo,it ITA,MF,Freiburg,5.2,2,1,1,21,6,3,28.6,4.00,1.14,0.05,0.17,1.6,0.8,0.04,+0.4,+0.2,Matches
136,Florian Grillitsch\Florian-Grillitsch,at AUT,MF,Hoffenheim,13.4,0,0,0,9,0,0,0.0,0.67,0.00,0.00,,0.5,0.5,0.05,-0.5,-0.5,Matches
137,Christian Groß\Christian-Gross,de GER,MF,Werder Bremen,8.0,0,0,0,3,0,0,0.0,0.37,0.00,0.00,,0.2,0.2,0.08,-0.2,-0.2,Matches
138,Carlos Gruezo\Carlos-Gruezo,ec ECU,MF,Augsburg,1.8,0,0,0,0,0,0,,0.00,0.00,,,0.0,0.0,,0.0,0.0,Matches
139,Marko Grujić\Marko-Grujic,rs SRB,MF,Hertha BSC,14.3,3,0,0,23,10,0,43.5,1.61,0.70,0.13,0.30,3.2,3.2,0.14,-0.2,-0.2,Matches
140,Raphaël Guerreiro\Raphael-Guerreiro,pt POR,DFMF,Dortmund,9.8,2,0,0,12,5,1,41.7,1.22,0.51,0.17,0.40,1.1,1.1,0.09,+0.9,+0.9,Matches
141,Babacar Guèye\Babacar-Gueye,sn SEN,FW,Paderborn 07,1.2,0,0,0,2,0,0,0.0,1.65,0.00,0.00,,0.4,0.4,0.22,-0.4,-0.4,Matches
142,Josuha Guilavogui\Josuha-Guilavogui,fr FRA,MF,Wolfsburg,17.0,0,0,0,16,4,0,25.0,0.94,0.24,0.00,0.00,1.0,1.0,0.06,-1.0,-1.0,Matches
143,Péter Gulácsi\Peter-Gulacsi,hu HUN,GK,RB Leipzig,16.0,0,0,0,0,0,0,,0.00,0.00,,,0.0,0.0,,0.0,0.0,Matches
144,Manuel Gulde\Manuel-Gulde,de GER,DF,Freiburg,4.8,0,0,0,3,0,0,0.0,0.62,0.00,0.00,,0.3,0.3,0.08,-0.3,-0.3,Matches
145,Christian Günter\Christian-Gunter,de GER,DF,Freiburg,17.0,1,0,0,16,4,0,25.0,0.94,0.24,0.06,0.25,0.4,0.4,0.03,+0.6,+0.6,Matches
146,Jonathan de Guzmán\Jonathan-de-Guzman,nl NED,MF,Eint Frankfurt,0.1,0,0,0,0,0,0,,0.00,0.00,,,0.0,0.0,,0.0,0.0,Matches
147,Janik Haberer\Janik-Haberer,de GER,FWMF,Freiburg,13.0,1,0,0,8,1,0,12.5,0.62,0.08,0.13,1.00,0.5,0.5,0.06,+0.5,+0.5,Matches
148,Alexander Hack\Alexander-Hack,de GER,DF,Mainz 05,5.2,0,0,0,4,1,0,25.0,0.77,0.19,0.00,0.00,0.3,0.3,0.07,-0.3,-0.3,Matches
149,André Hahn\Andre-Hahn,de GER,MF,Augsburg,4.9,1,0,1,9,2,0,22.2,1.83,0.41,0.11,0.50,2.0,1.3,0.14,-1.0,-0.3,Matches
150,Amadou Haidara\Amadou-Haidara,ml MLI,MF,RB Leipzig,4.5,0,0,0,11,4,0,36.4,2.43,0.88,0.00,0.00,0.5,0.5,0.05,-0.5,-0.5,Matches
151,Achraf Hakimi\Achraf-Hakimi,ma MAR,DF,Dortmund,15.0,2,0,0,16,9,1,56.3,1.07,0.60,0.13,0.22,1.7,1.7,0.11,+0.3,+0.3,Matches
152,Marcel Halstenberg\Marcel-Halstenberg,de GER,DF,RB Leipzig,12.8,2,0,0,16,4,4,25.0,1.25,0.31,0.13,0.50,1.7,1.7,0.10,+0.3,+0.3,Matches
153,Amine Harit\Amine-Harit,ma MAR,MF,Schalke 04,16.4,6,1,1,23,11,0,47.8,1.41,0.67,0.22,0.45,2.9,2.1,0.09,+3.1,+2.9,Matches
154,Martin Harnik\Martin-Harnik,at AUT,FWMF,Werder Bremen,0.1,0,0,0,0,0,0,,0.00,0.00,,,0.0,0.0,,0.0,0.0,Matches
155,Makoto Hasebe\Makoto-Hasebe,jp JPN,MF,Eint Frankfurt,13.0,0,0,0,0,0,0,,0.00,0.00,,,0.0,0.0,,0.0,0.0,Matches
156,Kai Havertz\Kai-Havertz,de GER,MF,Bayer,13.0,2,0,0,21,9,0,42.9,1.61,0.69,0.10,0.22,2.5,2.5,0.12,-0.5,-0.5,Matches
157,Thorgan Hazard\Thorgan-Hazard,be BEL,MF,Dortmund,13.0,4,0,0,26,10,0,38.5,2.00,0.77,0.15,0.40,2.5,2.5,0.10,+1.5,+1.5,Matches
158,Jonas Hector\Jonas-Hector,de GER,DF,Köln,15.3,2,0,0,16,3,2,18.8,1.05,0.20,0.13,0.67,0.7,0.7,0.04,+1.3,+1.3,Matches
159,Dominique Heintz\Dominique-Heintz,de GER,DF,Freiburg,14.0,0,0,0,3,1,0,33.3,0.21,0.07,0.00,0.00,0.1,0.1,0.04,-0.1,-0.1,Matches
160,Rouwen Hennings\Rouwen-Hennings,de GER,FWMF,Düsseldorf,14.9,11,3,3,34,15,2,44.1,2.29,1.01,0.24,0.53,5.8,3.6,0.10,+5.2,+4.4,Matches
161,Lucas Hernández\Lucas-Hernandez,fr FRA,DF,Bayern Munich,5.4,0,0,0,1,0,0,0.0,0.19,0.00,0.00,,0.0,0.0,0.02,0.0,0.0,Matches
162,Patrick Herrmann\Patrick-Herrmann,de GER,FWMF,M'gladbach,8.8,5,0,0,23,8,1,34.8,2.62,0.91,0.22,0.63,4.8,4.8,0.21,+0.2,+0.2,Matches
163,Martin Hinteregger\Martin-Hinteregger,at AUT,DFMF,Eint Frankfurt,15.0,6,0,0,34,12,1,35.3,2.27,0.80,0.18,0.50,2.6,2.6,0.08,+3.4,+3.4,Matches
164,Marwin Hitz\Marwin-Hitz,ch SUI,GK,Dortmund,3.2,0,0,0,0,0,0,,0.00,0.00,,,0.0,0.0,,0.0,0.0,Matches
165,André Hoffmann\Andre-Hoffmann,de GER,DFMF,Düsseldorf,12.0,0,0,0,4,2,0,50.0,0.33,0.17,0.00,0.00,0.2,0.2,0.05,-0.2,-0.2,Matches
166,Nicolas Höfler\Nicolas-Hofler,de GER,MF,Freiburg,15.7,1,0,0,13,1,0,7.7,0.83,0.06,0.08,1.00,1.6,1.6,0.12,-0.6,-0.6,Matches
167,Jonas Hofmann\Jonas-Hofmann,de GER,MF,M'gladbach,4.6,0,0,0,3,2,1,66.7,0.65,0.43,0.00,0.00,0.5,0.5,0.18,-0.5,-0.5,Matches
168,Marco Höger\Marco-Hoger,de GER,DFMF,Köln,5.6,0,0,0,1,0,0,0.0,0.18,0.00,0.00,,0.1,0.1,0.06,-0.1,-0.1,Matches
169,Lucas Höler\Lucas-Holer,de GER,FW,Freiburg,13.7,4,0,1,29,13,0,44.8,2.12,0.95,0.14,0.31,4.6,3.8,0.13,-0.6,+0.2,Matches
170,Gerrit Holtmann\Gerrit-Holtmann,de GER,MF,Paderborn 07,6.2,1,0,0,10,6,0,60.0,1.62,0.97,0.10,0.17,0.4,0.4,0.04,+0.6,+0.6,Matches
171,Timo Horn\Timo-Horn,de GER,GK,Köln,17.0,0,0,0,0,0,0,,0.00,0.00,,,0.0,0.0,,0.0,0.0,Matches
172,Lukáš Hrádecký\Lukas-Hradecky,fi FIN,GK,Bayer,17.0,0,0,0,0,0,0,,0.00,0.00,,,0.0,0.0,,0.0,0.0,Matches
173,Benjamin Hübner\Benjamin-Hubner,de GER,DF,Hoffenheim,9.6,1,0,0,9,2,0,22.2,0.94,0.21,0.11,0.50,0.5,0.5,0.06,+0.5,+0.5,Matches
174,Florian Hübner\Florian-Hubner,de GER,DF,Union Berlin,4.2,0,0,0,2,0,0,0.0,0.48,0.00,0.00,,0.5,0.5,0.24,-0.5,-0.5,Matches
175,Mats Hummels\Mats-Hummels,de GER,DF,Dortmund,13.7,0,0,0,13,2,0,15.4,0.95,0.15,0.00,0.00,1.1,1.1,0.09,-1.1,-1.1,Matches
176,Uwe Hünemeier\Uwe-Hunemeier,de GER,DF,Paderborn 07,6.0,0,0,0,3,0,1,0.0,0.50,0.00,0.00,,0.4,0.4,0.14,-0.4,-0.4,Matches
177,Jannik Huth\Jannik-Huth,de GER,GK,Paderborn 07,6.0,0,0,0,0,0,0,,0.00,0.00,,,0.0,0.0,,0.0,0.0,Matches
178,Iago\Iago,br BRA,,Augsburg,4.3,1,0,0,2,1,0,50.0,0.46,0.23,0.50,1.00,0.5,0.5,0.26,+0.5,+0.5,Matches
179,Vedad Ibišević\Vedad-Ibisevic,ba BIH,FW,Hertha BSC,7.5,3,0,0,12,5,0,41.7,1.60,0.67,0.25,0.60,1.6,1.6,0.14,+1.4,+1.4,Matches
180,Luc Ihorst\Luc-Ihorst,de GER,FW,Werder Bremen,0.1,0,0,0,0,0,0,,0.00,0.00,,,0.0,0.0,,0.0,0.0,Matches
181,Stefan Ilsanker\Stefan-Ilsanker,at AUT,MF,RB Leipzig,4.6,0,0,0,6,0,0,0.0,1.30,0.00,0.00,,0.7,0.7,0.12,-0.7,-0.7,Matches
182,Marcus Ingvartsen\Marcus-Ingvartsen,dk DEN,FW,Union Berlin,10.5,3,1,1,30,8,0,26.7,2.85,0.76,0.07,0.25,2.5,1.7,0.06,+0.5,+0.3,Matches
183,Ismail Jakobs\Ismail-Jakobs,de GER,DF,Köln,6.0,1,0,0,6,3,0,50.0,1.00,0.50,0.17,0.33,0.8,0.8,0.14,+0.2,+0.2,Matches
184,Laurent Jans\Laurent-Jans,lu LUX,DFMF,Paderborn 07,7.3,0,0,0,3,0,0,0.0,0.41,0.00,0.00,,0.1,0.1,0.02,-0.1,-0.1,Matches
185,Tony Jantschke\Tony-Jantschke,de GER,DFMF,M'gladbach,7.4,0,0,0,4,0,0,0.0,0.54,0.00,0.00,,0.7,0.7,0.17,-0.7,-0.7,Matches
186,Rune Jarstein\Rune-Jarstein,no NOR,GK,Hertha BSC,14.3,0,0,0,0,0,0,,0.00,0.00,,,0.0,0.0,,0.0,0.0,Matches
187,Tin Jedvaj\Tin-Jedvaj,hr CRO,DF,Augsburg,15.7,1,0,0,7,1,0,14.3,0.45,0.06,0.14,1.00,0.5,0.5,0.07,+0.5,+0.5,Matches
188,Fredrik Jensen\Fredrik-Jensen,fi FIN,MF,Augsburg,3.6,1,0,0,5,3,0,60.0,1.39,0.84,0.20,0.33,0.4,0.4,0.08,+0.6,+0.6,Matches
189,Fabian Johnson\Fabian-Johnson,us USA,DFMF,M'gladbach,2.0,0,0,0,0,0,0,,0.00,0.00,,,0.0,0.0,,0.0,0.0,Matches
190,Dejan Joveljić\Dejan-Joveljic,rs SRB,FW,Eint Frankfurt,1.6,0,0,0,0,0,0,,0.00,0.00,,,0.0,0.0,,0.0,0.0,Matches
191,Ozan Kabak\Ozan-Kabak,tr TUR,DF,Schalke 04,8.2,3,0,0,7,5,0,71.4,0.86,0.61,0.43,0.60,1.2,1.2,0.19,+1.8,+1.8,Matches
192,Pavel Kadeřábek\Pavel-Kaderabek,cz CZE,DFMF,Hoffenheim,15.3,2,0,0,19,7,0,36.8,1.24,0.46,0.11,0.29,1.6,1.6,0.08,+0.4,+0.4,Matches
193,Florian Kainz\Florian-Kainz,at AUT,MF,Köln,7.0,0,0,0,17,5,6,29.4,2.42,0.71,0.00,0.00,0.7,0.7,0.04,-0.7,-0.7,Matches
194,Salomon Kalou\Salomon-Kalou,ci CIV,FW,Hertha BSC,1.6,1,0,0,6,2,0,33.3,3.78,1.26,0.17,0.50,1.2,1.2,0.21,-0.2,-0.2,Matches
195,Daichi Kamada\Daichi-Kamada,jp JPN,MF,Eint Frankfurt,11.9,0,0,0,30,10,2,33.3,2.53,0.84,0.00,0.00,2.6,2.6,0.09,-2.6,-2.6,Matches
196,Kevin Kampl\Kevin-Kampl,si SVN,MF,RB Leipzig,2.2,1,0,0,1,1,0,100.0,0.46,0.46,1.00,1.00,0.1,0.1,0.06,+0.9,+0.9,Matches
197,Kenan Karaman\Kenan-Karaman,tr TUR,FW,Düsseldorf,4.8,1,0,0,10,2,0,20.0,2.08,0.42,0.10,0.50,0.9,0.9,0.10,+0.1,+0.1,Matches
198,Noah Katterbach\Noah-Katterbach,de GER,MF,Köln,7.0,0,0,0,3,2,0,66.7,0.43,0.29,0.00,0.00,0.1,0.1,0.04,-0.1,-0.1,Matches
199,Jonjoe Kenny\Jonjoe-Kenny,eng ENG,DFFW,Schalke 04,16.9,1,0,0,4,2,0,50.0,0.24,0.12,0.25,0.50,0.4,0.4,0.09,+0.6,+0.6,Matches
200,Rani Khedira\Rani-Khedira,de GER,MF,Augsburg,14.7,0,0,0,3,0,0,0.0,0.20,0.00,0.00,,0.2,0.2,0.05,-0.2,-0.2,Matches
201,Luca Kilian\Luca-Kilian,de GER,DF,Paderborn 07,12.0,0,0,0,1,0,0,0.0,0.08,0.00,0.00,,0.1,0.1,0.07,-0.1,-0.1,Matches
202,Joshua Kimmich\Joshua-Kimmich,de GER,MF,Bayern Munich,16.6,1,0,0,12,6,0,50.0,0.72,0.36,0.08,0.17,0.7,0.7,0.06,+0.3,+0.3,Matches
203,Davy Klaassen\Davy-Klaassen,nl NED,MF,Werder Bremen,17.0,3,1,3,20,4,0,20.0,1.18,0.24,0.10,0.50,4.6,2.3,0.11,-1.6,-0.3,Matches
204,Felix Klaus\Felix-Klaus,de GER,FWMF,Wolfsburg,5.1,0,0,0,16,5,0,31.3,3.12,0.97,0.00,0.00,1.5,1.5,0.10,-1.5,-1.5,Matches
205,Lukas Klostermann\Lukas-Klostermann,de GER,DF,RB Leipzig,15.2,1,0,0,7,2,0,28.6,0.46,0.13,0.14,0.50,1.5,1.5,0.21,-0.5,-0.5,Matches
206,Lukas Klünter\Lukas-Klunter,de GER,MF,Hertha BSC,15.0,0,0,0,1,0,0,0.0,0.07,0.00,0.00,,0.0,0.0,0.03,0.0,0.0,Matches
207,Robin Knoche\Robin-Knoche,de GER,DF,Wolfsburg,10.2,0,0,0,2,1,0,50.0,0.20,0.10,0.00,0.00,0.3,0.3,0.13,-0.3,-0.3,Matches
208,Robin Koch\Robin-Koch,de GER,DF,Freiburg,17.0,0,0,0,13,3,0,23.1,0.76,0.18,0.00,0.00,1.1,1.1,0.09,-1.1,-1.1,Matches
209,Dominik Kohr\Dominik-Kohr,de GER,MF,Eint Frankfurt,7.3,0,0,0,12,6,0,50.0,1.65,0.82,0.00,0.00,0.6,0.6,0.05,-0.6,-0.6,Matches
210,Ibrahima Konaté\Ibrahima-Konate,fr FRA,DF,RB Leipzig,5.0,0,0,0,1,0,0,0.0,0.20,0.00,0.00,,0.0,0.0,0.05,0.0,0.0,Matches
211,Pascal Köpke\Pascal-Kopke,de GER,FW,Hertha BSC,0.4,0,0,0,2,2,0,100.0,4.62,4.62,0.00,0.00,0.4,0.4,0.18,-0.4,-0.4,Matches
212,Filip Kostić\Filip-Kostic,rs SRB,MF,Eint Frankfurt,15.9,1,0,0,49,16,6,32.7,3.09,1.01,0.02,0.06,2.3,2.3,0.05,-1.3,-1.3,Matches
213,Tomáš Koubek\Tomas-Koubek,cz CZE,GK,Augsburg,17.0,0,0,0,0,0,0,,0.00,0.00,,,0.0,0.0,,0.0,0.0,Matches
214,Dawid Kownacki\Dawid-Kownacki,pl POL,FWMF,Düsseldorf,10.5,0,0,0,22,10,0,45.5,2.09,0.95,0.00,0.00,1.6,1.6,0.07,-1.6,-1.6,Matches
215,Thomas Kraft\Thomas-Kraft,de GER,GK,Hertha BSC,2.0,0,0,0,0,0,0,,0.00,0.00,,,0.0,0.0,,0.0,0.0,Matches
216,Andrej Kramarić\Andrej-Kramaric,hr CRO,FW,Hoffenheim,7.5,5,0,0,18,9,1,50.0,2.40,1.20,0.28,0.56,3.4,3.4,0.19,+1.6,+1.6,Matches
217,Christoph Kramer\Christoph-Kramer,de GER,MF,M'gladbach,7.8,0,0,0,5,0,0,0.0,0.64,0.00,0.00,,0.3,0.3,0.06,-0.3,-0.3,Matches
218,Felix Kroos\Felix-Kroos,de GER,DFFW,Union Berlin,1.9,0,0,0,1,0,0,0.0,0.53,0.00,0.00,,0.0,0.0,0.05,0.0,0.0,Matches
219,Lukas Kübler\Lukas-Kubler,de GER,DF,Freiburg,1.0,0,0,0,1,0,0,0.0,1.05,0.00,0.00,,0.0,0.0,0.04,0.0,0.0,Matches
220,Pierre Kunde\Pierre-Kunde,cm CMR,,Mainz 05,13.4,2,0,0,27,6,2,22.2,2.01,0.45,0.07,0.33,1.8,1.8,0.07,+0.2,+0.2,Matches
221,Ahmed Kutucu\Ahmed-Kutucu,tr TUR,FW,Schalke 04,2.0,2,0,0,8,3,0,37.5,4.09,1.53,0.25,0.67,0.7,0.7,0.09,+1.3,+1.3,Matches
222,Konrad Laimer\Konrad-Laimer,at AUT,MF,RB Leipzig,12.8,2,0,0,6,4,0,66.7,0.47,0.31,0.33,0.50,0.5,0.5,0.09,+1.5,+1.5,Matches
223,Stefan Lainer\Stefan-Lainer,at AUT,DF,M'gladbach,14.1,1,0,0,9,3,0,33.3,0.64,0.21,0.11,0.33,0.8,0.8,0.08,+0.2,+0.2,Matches
224,Michael Lang\Michael-Lang,ch SUI,DF,Werder Bremen,5.9,0,0,0,5,2,0,40.0,0.84,0.34,0.00,0.00,0.4,0.4,0.07,-0.4,-0.4,Matches
225,Sebastian Langkamp\Sebastian-Langkamp,de GER,DF,Werder Bremen,2.0,0,0,0,4,1,0,25.0,2.01,0.50,0.00,0.00,0.4,0.4,0.10,-0.4,-0.4,Matches
226,Danny Latza\Danny-Latza,de GER,MF,Mainz 05,6.0,0,0,0,9,3,0,33.3,1.49,0.50,0.00,0.00,0.5,0.5,0.06,-0.5,-0.5,Matches
227,Mathew Leckie\Mathew-Leckie,au AUS,FWMF,Hertha BSC,1.3,0,0,0,0,0,0,,0.00,0.00,,,0.0,0.0,,0.0,0.0,Matches
228,Christopher Lenz\Christopher-Lenz,de GER,DF,Union Berlin,15.5,0,0,0,9,1,0,11.1,0.58,0.06,0.00,0.00,0.4,0.4,0.05,-0.4,-0.4,Matches
229,Robert Lewandowski\Robert-Lewandowski,pl POL,FW,Bayern Munich,16.7,19,2,2,77,33,2,42.9,4.62,1.98,0.22,0.52,15.8,14.3,0.19,+3.2,+2.7,Matches
230,Stephan Lichtsteiner\Stephan-Lichtsteiner,ch SUI,DFMF,Augsburg,11.3,0,0,0,1,0,0,0.0,0.09,0.00,0.00,,0.0,0.0,0.02,0.0,0.0,Matches
231,Philipp Lienhart\Philipp-Lienhart,at AUT,DF,Freiburg,11.0,0,0,0,3,2,0,66.7,0.27,0.18,0.00,0.00,0.0,0.0,0.02,0.0,0.0,Matches
232,Jürgen Locadia\Jurgen-Locadia,nl NED,FW,Hoffenheim,5.8,4,1,1,18,10,0,55.6,3.12,1.73,0.17,0.30,3.2,2.4,0.13,+0.8,+0.6,Matches
233,Ademola Lookman\Ademola-Lookman,eng ENG,FW,RB Leipzig,1.5,0,0,0,1,0,0,0.0,0.68,0.00,0.00,,0.0,0.0,0.03,0.0,0.0,Matches
234,Eduard Löwen\Eduard-Lowen,de GER,DF,Hertha BSC,3.4,0,0,0,5,0,2,0.0,1.45,0.00,0.00,,0.2,0.2,0.04,-0.2,-0.2,Matches
235,Dodi Lukebakio\Dodi-Lukebakio,cd COD,MF,Hertha BSC,11.8,4,0,0,22,10,2,45.5,1.86,0.85,0.18,0.40,2.3,2.3,0.10,+1.7,+1.7,Matches
236,Arne Maier\Arne-Maier,de GER,MF,Hertha BSC,0.2,0,0,0,1,0,0,0.0,4.50,0.00,0.00,,0.0,0.0,0.03,0.0,0.0,Matches
237,Streli Mamba\Streli-Mamba,de GER,FW,Paderborn 07,10.4,5,0,0,19,7,0,36.8,1.83,0.67,0.26,0.71,3.6,3.6,0.19,+1.4,+1.4,Matches
238,Aarón Martín\Aaron-Martin,es ESP,DF,Mainz 05,14.7,0,0,0,8,3,1,37.5,0.54,0.20,0.00,0.00,0.2,0.2,0.02,-0.2,-0.2,Matches
239,Javi Martínez\Javi-Martinez,es ESP,DFMF,Bayern Munich,6.2,0,0,0,1,0,0,0.0,0.16,0.00,0.00,,0.1,0.1,0.15,-0.1,-0.1,Matches
240,Omar Mascarell\Omar-Mascarell,es ESP,MF,Schalke 04,16.5,0,0,0,8,2,0,25.0,0.48,0.12,0.00,0.00,0.4,0.4,0.04,-0.4,-0.4,Matches
241,Jean-Philippe Mateta\Jean-Philippe-Mateta,fr FRA,FW,Mainz 05,0.6,1,0,0,4,3,0,75.0,6.43,4.82,0.25,0.33,0.8,0.8,0.19,+0.2,+0.2,Matches
242,Rabbi Matondo\Rabbi-Matondo,wal WAL,FW,Schalke 04,4.7,1,0,0,11,3,0,27.3,2.34,0.64,0.09,0.33,1.1,1.1,0.10,-0.1,-0.1,Matches
243,Philipp Max\Philipp-Max,de GER,DF,Augsburg,14.8,6,1,1,17,7,4,41.2,1.15,0.47,0.29,0.71,2.6,1.8,0.11,+3.4,+3.2,Matches
244,Alexandru Maxim\Alexandru-Maxim,ro ROU,MF,Mainz 05,1.2,0,0,0,3,0,0,0.0,2.41,0.00,0.00,,0.1,0.1,0.03,-0.1,-0.1,Matches
245,Kevin Mbabu\Kevin-Mbabu,ch SUI,DF,Wolfsburg,4.1,1,0,0,3,1,0,33.3,0.73,0.24,0.33,1.00,0.4,0.4,0.13,+0.6,+0.6,Matches
246,Weston McKennie\Weston-McKennie,us USA,MF,Schalke 04,9.9,0,0,0,8,1,0,12.5,0.81,0.10,0.00,0.00,1.1,1.1,0.13,-1.1,-1.1,Matches
247,Joshua Mees\Joshua-Mees,de GER,FW,Union Berlin,1.7,0,0,0,5,1,0,20.0,2.90,0.58,0.00,0.00,0.3,0.3,0.06,-0.3,-0.3,Matches
248,Admir Mehmedi\Admir-Mehmedi,ch SUI,FWMF,Wolfsburg,5.9,1,0,0,6,1,0,16.7,1.02,0.17,0.17,1.00,0.3,0.3,0.05,+0.7,+0.7,Matches
249,Münir Mercan\Munir-Mercan,de GER,MF,Schalke 04,0.0,0,0,0,0,0,0,,0.00,0.00,,,0.0,0.0,,0.0,0.0,Matches
250,Jorge Meré\Jorge-Mere,es ESP,DF,Köln,3.2,0,0,0,1,0,0,0.0,0.31,0.00,0.00,,0.0,0.0,0.02,0.0,0.0,Matches
251,Sven Michel\Sven-Michel,de GER,FW,Paderborn 07,9.0,2,0,0,25,9,0,36.0,2.79,1.00,0.08,0.22,2.7,2.7,0.11,-0.7,-0.7,Matches
252,Juan Miranda\Juan-Miranda,es ESP,,Schalke 04,2.9,0,0,0,3,1,0,33.3,1.05,0.35,0.00,0.00,0.1,0.1,0.03,-0.1,-0.1,Matches
253,Maximilian Mittelstädt\Maximilian-Mittelstadt,de GER,DF,Hertha BSC,10.2,1,0,0,9,2,0,22.2,0.88,0.20,0.11,0.50,0.3,0.3,0.04,+0.7,+0.7,Matches
254,Anthony Modeste\Anthony-Modeste,fr FRA,FW,Köln,7.3,1,0,0,11,2,0,18.2,1.50,0.27,0.09,0.50,0.8,0.8,0.07,+0.2,+0.2,Matches
255,Kevin Möhwald\Kevin-Mohwald,de GER,MF,Werder Bremen,0.8,0,0,0,5,1,0,20.0,6.16,1.23,0.00,0.00,0.2,0.2,0.03,-0.2,-0.2,Matches
256,Niklas Moisander\Niklas-Moisander,fi FIN,DF,Werder Bremen,6.0,0,0,0,7,2,0,28.6,1.17,0.33,0.00,0.00,0.4,0.4,0.05,-0.4,-0.4,Matches
257,Alfredo Morales\Alfredo-Morales,us USA,DFMF,Düsseldorf,10.4,1,0,0,14,3,1,21.4,1.35,0.29,0.07,0.33,0.8,0.8,0.05,+0.2,+0.2,Matches
258,Jan Morávek\Jan-Moravek,cz CZE,FWMF,Augsburg,5.0,0,0,0,2,0,0,0.0,0.40,0.00,0.00,,0.1,0.1,0.03,-0.1,-0.1,Matches
259,Nordi Mukiele\Nordi-Mukiele,fr FRA,DF,RB Leipzig,8.3,2,0,0,11,5,0,45.5,1.33,0.60,0.18,0.40,0.8,0.8,0.07,+1.2,+1.2,Matches
260,Florian Müller\Florian-Muller,de GER,GK,Mainz 05,3.0,0,0,0,0,0,0,,0.00,0.00,,,0.0,0.0,,0.0,0.0,Matches
261,Thomas Müller\Thomas-Muller,de GER,FWMF,Bayern Munich,10.7,2,0,0,25,7,0,28.0,2.34,0.65,0.08,0.29,3.9,3.9,0.16,-1.9,-1.9,Matches
262,Yvon Mvogo\Yvon-Mvogo,ch SUI,GK,RB Leipzig,1.0,0,0,0,0,0,0,,0.00,0.00,,,0.0,0.0,,0.0,0.0,Matches
263,Obite N'Dicka\Obite-NDicka,fr FRA,,Eint Frankfurt,7.0,0,0,0,2,1,0,50.0,0.29,0.14,0.00,0.00,0.2,0.2,0.09,-0.2,-0.2,Matches
264,Matija Nastasić\Matija-Nastasic,rs SRB,DF,Schalke 04,4.2,0,0,0,6,1,0,16.7,1.44,0.24,0.00,0.00,0.7,0.7,0.12,-0.7,-0.7,Matches
265,Manuel Neuer\Manuel-Neuer,de GER,GK,Bayern Munich,17.0,0,0,0,0,0,0,,0.00,0.00,,,0.0,0.0,,0.0,0.0,Matches
266,Florian Neuhaus\Florian-Neuhaus,de GER,MF,M'gladbach,11.7,1,0,0,18,7,1,38.9,1.54,0.60,0.06,0.14,3.3,3.3,0.18,-2.3,-2.3,Matches
267,Moussa Niakhate\Moussa-Niakhate,fr FRA,DFFW,Mainz 05,16.0,0,0,0,8,3,0,37.5,0.50,0.19,0.00,0.00,0.8,0.8,0.10,-0.8,-0.8,Matches
268,Florian Niederlechner\Florian-Niederlechner,de GER,FW,Augsburg,16.2,8,1,1,42,22,0,52.4,2.60,1.36,0.17,0.32,6.8,6.1,0.14,+1.2,+0.9,Matches
269,Christopher Nkunku\Christopher-Nkunku,fr FRA,MF,RB Leipzig,9.5,3,0,0,25,12,0,48.0,2.63,1.26,0.12,0.25,4.4,4.4,0.17,-1.4,-1.4,Matches
270,Lukas Nmecha\Lukas-Nmecha,de GER,FW,Wolfsburg,1.4,0,0,0,3,0,0,0.0,2.13,0.00,0.00,,0.3,0.3,0.12,-0.3,-0.3,Matches
271,Håvard Nordtveit\Havard-Nordtveit,no NOR,DFMF,Hoffenheim,1.6,0,0,0,0,0,0,,0.00,0.00,,,0.0,0.0,,0.0,0.0,Matches
272,Alexander Nübel\Alexander-Nubel,de GER,GK,Schalke 04,14.7,0,0,0,0,0,0,,0.00,0.00,,,0.0,0.0,,0.0,0.0,Matches
273,Kasim Nuhu\Kasim-Nuhu,gh GHA,DF,Düsseldorf,10.1,1,0,0,6,3,0,50.0,0.60,0.30,0.17,0.33,0.9,0.9,0.15,+0.1,+0.1,Matches
274,Bastian Oczipka\Bastian-Oczipka,de GER,DFMF,Schalke 04,17.0,0,0,0,6,2,0,33.3,0.35,0.12,0.00,0.00,0.1,0.1,0.02,-0.1,-0.1,Matches
275,Cauly Oliveira Souza\Cauly-Oliveira-Souza,br BRA,MF,Paderborn 07,8.0,2,0,0,14,8,1,57.1,1.76,1.00,0.14,0.25,1.6,1.6,0.12,+0.4,+0.4,Matches
276,Karim Onisiwo\Karim-Onisiwo,at AUT,FW,Mainz 05,8.5,3,0,0,20,11,0,55.0,2.35,1.29,0.15,0.27,2.2,2.2,0.11,+0.8,+0.8,Matches
277,Willi Orban\Willi-Orban,hu HUN,DF,RB Leipzig,9.0,1,0,0,7,3,1,42.9,0.78,0.33,0.14,0.33,0.7,0.7,0.09,+0.3,+0.3,Matches
278,Yuya Osako\Yuya-Osako,jp JPN,FW,Werder Bremen,10.5,4,0,0,26,11,0,42.3,2.47,1.04,0.15,0.36,3.6,3.6,0.14,+0.4,+0.4,Matches
279,Paulo Otávio\Paulo-Otavio,br BRA,DF,Wolfsburg,0.3,0,0,0,0,0,0,,0.00,0.00,,,0.0,0.0,,0.0,0.0,Matches
280,Reece Oxford\Reece-Oxford,eng ENG,DF,Augsburg,3.5,0,0,0,2,0,0,0.0,0.57,0.00,0.00,,0.1,0.1,0.04,-0.1,-0.1,Matches
281,Levin Öztunalı\Levin-Oztunali,de GER,MF,Mainz 05,10.7,3,0,0,21,6,0,28.6,1.96,0.56,0.14,0.50,0.9,0.9,0.04,+2.1,+2.1,Matches
282,Gonçalo Paciência\Goncalo-Paciencia,pt POR,FW,Eint Frankfurt,12.1,7,1,1,39,13,1,33.3,3.23,1.08,0.15,0.46,5.8,5.1,0.13,+1.2,+0.9,Matches
283,Michael Parensen\Michael-Parensen,de GER,DFMF,Union Berlin,4.6,1,0,0,3,2,0,66.7,0.65,0.43,0.33,0.50,0.7,0.7,0.24,+0.3,+0.3,Matches
284,Paulinho\Paulinho,br BRA,FW,Bayer,0.9,1,0,0,3,2,0,66.7,3.42,2.28,0.33,0.50,0.6,0.6,0.20,+0.4,+0.4,Matches
285,Benjamin Pavard\Benjamin-Pavard,fr FRA,DF,Bayern Munich,16.0,2,0,0,5,3,0,60.0,0.31,0.19,0.40,0.67,0.3,0.3,0.06,+1.7,+1.7,Matches
286,Jiří Pavlenka\Jiri-Pavlenka,cz CZE,GK,Werder Bremen,17.0,0,0,0,0,0,0,,0.00,0.00,,,0.0,0.0,,0.0,0.0,Matches
287,Mads Pedersen\Mads-Pedersen,dk DEN,DF,Augsburg,1.1,0,0,0,0,0,0,,0.00,0.00,,,0.0,0.0,,0.0,0.0,Matches
288,Ivan Perišić\Ivan-Perisic,hr CRO,MF,Bayern Munich,7.8,3,0,0,23,6,0,26.1,2.95,0.77,0.13,0.50,2.1,2.1,0.09,+0.9,+0.9,Matches
289,Pavao Pervan\Pavao-Pervan,at AUT,GK,Wolfsburg,8.0,0,0,0,0,0,0,,0.00,0.00,,,0.0,0.0,,0.0,0.0,Matches
290,Nils Petersen\Nils-Petersen,de GER,FW,Freiburg,15.3,7,1,1,31,12,0,38.7,2.02,0.78,0.19,0.50,4.8,4.1,0.13,+2.2,+1.9,Matches
291,Ronaël Pierre-Gabriel\Ronael-Pierre-Gabriel,fr FRA,DF,Mainz 05,2.7,0,0,0,1,0,0,0.0,0.37,0.00,0.00,,0.0,0.0,0.02,0.0,0.0,Matches
292,Łukasz Piszczek\Lukasz-Piszczek,pl POL,DFMF,Dortmund,8.6,0,0,0,4,1,0,25.0,0.47,0.12,0.00,0.00,0.2,0.2,0.04,-0.2,-0.2,Matches
293,Claudio Pizarro\Claudio-Pizarro,pe PER,FW,Werder Bremen,2.0,0,0,0,4,0,0,0.0,2.01,0.00,0.00,,0.4,0.4,0.10,-0.4,-0.4,Matches
294,Marvin Plattenhardt\Marvin-Plattenhardt,de GER,DF,Hertha BSC,8.0,0,0,0,3,0,2,0.0,0.37,0.00,0.00,,0.3,0.3,0.10,-0.3,-0.3,Matches
295,Alassane Pléa\Alassane-Plea,fr FRA,MF,M'gladbach,13.0,5,0,0,38,16,2,42.1,2.93,1.23,0.13,0.31,6.3,6.3,0.17,-1.3,-1.3,Matches
296,Thomas Pledl\Thomas-Pledl,de GER,MF,Düsseldorf,0.6,0,0,0,1,0,0,0.0,1.70,0.00,0.00,,0.1,0.1,0.05,-0.1,-0.1,Matches
297,Joel Pohjanpalo\Joel-Pohjanpalo,fi FIN,FW,Bayer,0.0,0,0,0,0,0,0,,0.00,0.00,,,0.0,0.0,,0.0,0.0,Matches
298,Sebastian Polter\Sebastian-Polter,de GER,FW,Union Berlin,2.9,2,2,2,5,0,0,0.0,1.74,0.00,0.00,,1.9,0.4,0.09,+0.1,-0.4,Matches
299,Stefan Posch\Stefan-Posch,at AUT,DF,Hoffenheim,12.1,0,0,0,12,3,0,25.0,0.99,0.25,0.00,0.00,1.4,1.4,0.12,-1.4,-1.4,Matches
300,Yussuf Poulsen\Yussuf-Poulsen,dk DEN,FW,RB Leipzig,9.2,3,0,0,17,7,0,41.2,1.84,0.76,0.18,0.43,3.3,3.3,0.19,-0.3,-0.3,Matches
301,Kai Pröger\Kai-Proger,de GER,,Paderborn 07,11.4,2,0,0,23,6,1,26.1,2.01,0.52,0.09,0.33,1.5,1.5,0.07,+0.5,+0.5,Matches
302,Grischa Prömel\Grischa-Promel,de GER,MF,Union Berlin,2.0,0,0,0,2,0,0,0.0,1.00,0.00,0.00,,0.1,0.1,0.06,-0.1,-0.1,Matches
303,Robin Quaison\Robin-Quaison,se SWE,MF,Mainz 05,14.1,7,0,0,39,14,1,35.9,2.77,0.99,0.18,0.50,6.3,6.3,0.16,+0.7,+0.7,Matches
304,Raffael\Raffael,br BRA,FWMF,M'gladbach,0.5,0,0,0,6,2,1,33.3,11.25,3.75,0.00,0.00,0.3,0.3,0.05,-0.3,-0.3,Matches
305,Benito Raman\Benito-Raman,be BEL,FW,Schalke 04,8.6,4,0,0,17,9,0,52.9,1.97,1.04,0.24,0.44,3.3,3.3,0.19,+0.7,+0.7,Matches
306,Milot Rashica\Milot-Rashica,xk KVX,FWMF,Werder Bremen,12.3,7,2,2,42,17,2,40.5,3.41,1.38,0.12,0.29,4.3,2.9,0.07,+2.7,+2.1,Matches
307,Ante Rebić\Ante-Rebic,hr CRO,FWMF,Eint Frankfurt,1.0,0,0,0,2,1,1,50.0,2.00,1.00,0.00,0.00,0.1,0.1,0.05,-0.1,-0.1,Matches
308,Daishawn Redan\Daishawn-Redan,nl NED,FW,Hertha BSC,0.2,0,0,0,1,0,0,0.0,4.50,0.00,0.00,,0.2,0.2,0.25,-0.2,-0.2,Matches
309,Fabian Reese\Fabian-Reese,de GER,FW,Schalke 04,1.0,0,0,0,3,1,0,33.3,3.14,1.05,0.00,0.00,0.1,0.1,0.03,-0.1,-0.1,Matches
310,Ken Reichel\Ken-Reichel,de GER,DF,Union Berlin,1.5,0,0,0,1,0,0,0.0,0.69,0.00,0.00,,0.0,0.0,0.03,0.0,0.0,Matches
311,Karim Rekik\Karim-Rekik,nl NED,DF,Hertha BSC,11.0,1,0,0,4,2,0,50.0,0.36,0.18,0.25,0.50,0.5,0.5,0.14,+0.5,+0.5,Matches
312,Panagiotis Retsos\Panagiotis-Retsos,gr GRE,DF,Bayer,1.3,0,0,0,0,0,0,,0.00,0.00,,,0.0,0.0,,0.0,0.0,Matches
313,Marco Reus\Marco-Reus,de GER,FWMF,Dortmund,14.1,9,0,0,39,18,2,46.2,2.76,1.27,0.23,0.50,6.6,6.6,0.17,+2.4,+2.4,Matches
314,Marco Richter\Marco-Richter,de GER,FW,Augsburg,10.5,3,0,0,26,10,3,38.5,2.48,0.95,0.12,0.30,3.3,3.3,0.13,-0.3,-0.3,Matches
315,Marcel Risse\Marcel-Risse,de GER,FWMF,Köln,1.3,0,0,0,1,0,1,0.0,0.78,0.00,0.00,,0.1,0.1,0.12,-0.1,-0.1,Matches
316,Marlon Ritter\Marlon-Ritter,de GER,FW,Paderborn 07,0.6,0,0,0,5,2,1,40.0,8.18,3.27,0.00,0.00,0.2,0.2,0.05,-0.2,-0.2,Matches
317,Sebastian Rode\Sebastian-Rode,de GER,MF,Eint Frankfurt,8.5,2,0,0,8,4,0,50.0,0.94,0.47,0.25,0.50,0.7,0.7,0.09,+1.3,+1.3,Matches
318,Jérôme Roussillon\Jerome-Roussillon,fr FRA,DFMF,Wolfsburg,14.6,1,0,0,10,2,0,20.0,0.69,0.14,0.10,0.50,0.4,0.4,0.04,+0.6,+0.6,Matches
319,Sebastian Rudy\Sebastian-Rudy,de GER,MF,Hoffenheim,16.0,1,0,0,13,4,0,30.8,0.81,0.25,0.08,0.25,0.7,0.7,0.06,+0.3,+0.3,Matches
320,Lukas Rupp\Lukas-Rupp,de GER,MF,Hoffenheim,3.8,0,0,0,5,0,0,0.0,1.32,0.00,0.00,,0.3,0.3,0.05,-0.3,-0.3,Matches
321,Julian Ryerson\Julian-Ryerson,no NOR,DF,Union Berlin,0.3,0,0,0,1,0,0,0.0,3.91,0.00,0.00,,0.5,0.5,0.54,-0.5,-0.5,Matches
322,Frederik Rønnow\Frederik-Ronnow,dk DEN,GK,Eint Frankfurt,8.0,0,0,0,0,0,0,,0.00,0.00,,,0.0,0.0,,0.0,0.0,Matches
323,João Victor Santos Sá\Joao-Victor-Santos-Sa,br BRA,FW,Wolfsburg,12.0,1,0,0,25,8,0,32.0,2.08,0.66,0.04,0.13,3.1,3.1,0.12,-2.1,-2.1,Matches
324,Abdelhamid Sabiri\Abdelhamid-Sabiri,de GER,MF,Paderborn 07,5.4,2,0,0,18,7,7,38.9,3.35,1.30,0.11,0.29,1.1,1.1,0.06,+0.9,+0.9,Matches
325,Marcel Sabitzer\Marcel-Sabitzer,at AUT,FWMF,RB Leipzig,14.7,6,0,0,40,14,5,35.0,2.71,0.95,0.15,0.43,4.4,4.4,0.11,+1.6,+1.6,Matches
326,Nuri Şahin\Nuri-Sahin,tr TUR,MF,Werder Bremen,11.3,0,0,0,6,1,0,16.7,0.53,0.09,0.00,0.00,0.1,0.1,0.02,-0.1,-0.1,Matches
327,Roland Sallai\Roland-Sallai,hu HUN,FW,Freiburg,4.5,0,0,0,11,3,0,27.3,2.43,0.66,0.00,0.00,0.8,0.8,0.07,-0.8,-0.8,Matches
328,Diadie Samassékou\Diadie-Samassekou,ml MLI,MF,Hoffenheim,2.9,0,0,0,2,0,0,0.0,0.69,0.00,0.00,,0.1,0.1,0.04,-0.1,-0.1,Matches
329,Renato Sanches\Renato-Sanches,pt POR,MF,Bayern Munich,0.1,0,0,0,0,0,0,,0.00,0.00,,,0.0,0.0,,0.0,0.0,Matches
330,Jadon Sancho\Jadon-Sancho,eng ENG,MF,Dortmund,13.1,9,0,0,28,18,0,64.3,2.13,1.37,0.32,0.50,3.9,3.9,0.14,+5.1,+5.1,Matches
331,Salif Sané\Salif-Sane,sn SEN,DFMF,Schalke 04,7.5,2,0,0,7,3,0,42.9,0.93,0.40,0.29,0.67,0.5,0.5,0.08,+1.5,+1.5,Matches
332,Marcelo Saracchi\Marcelo-Saracchi,uy URU,DF,RB Leipzig,2.0,1,0,0,3,1,0,33.3,1.53,0.51,0.33,1.00,0.4,0.4,0.14,+0.6,+0.6,Matches
333,Josh Sargent\Josh-Sargent,us USA,FW,Werder Bremen,6.1,2,0,0,13,7,0,53.8,2.12,1.14,0.15,0.29,2.0,2.0,0.16,0.0,0.0,Matches
334,Louis Schaub\Louis-Schaub,at AUT,MF,Köln,7.0,1,0,0,9,5,0,55.6,1.29,0.72,0.11,0.20,0.6,0.6,0.07,+0.4,+0.4,Matches
335,Patrik Schick\Patrik-Schick,cz CZE,FW,RB Leipzig,4.0,4,0,0,9,5,0,55.6,2.26,1.25,0.44,0.80,1.5,1.5,0.17,+2.5,+2.5,Matches
336,Julian Schieber\Julian-Schieber,de GER,FW,Augsburg,0.5,0,0,0,1,1,0,100.0,2.20,2.20,0.00,0.00,0.0,0.0,0.04,0.0,0.0,Matches
337,Kingsley Schindler\Kingsley-Schindler,de GER,DF,Köln,8.9,0,0,0,13,2,0,15.4,1.46,0.22,0.00,0.00,0.9,0.9,0.07,-0.9,-0.9,Matches
338,Xaver Schlager\Xaver-Schlager,at AUT,MF,Wolfsburg,4.6,1,0,0,8,3,0,37.5,1.72,0.65,0.13,0.33,0.5,0.5,0.06,+0.5,+0.5,Matches
339,Keven Schlotterbeck\Keven-Schlotterbeck,de GER,DF,Union Berlin,7.6,0,0,0,4,1,0,25.0,0.53,0.13,0.00,0.00,0.1,0.1,0.02,-0.1,-0.1,Matches
340,Nico Schlotterbeck\Nico-Schlotterbeck,de GER,DF,Freiburg,3.9,0,0,0,3,1,0,33.3,0.77,0.26,0.00,0.00,0.1,0.1,0.05,-0.1,-0.1,Matches
341,Marcel Schmelzer\Marcel-Schmelzer,de GER,DF,Dortmund,0.0,0,0,0,0,0,0,,0.00,0.00,,,0.0,0.0,,0.0,0.0,Matches
342,Jonathan Schmid\Jonathan-Schmid,fr FRA,MF,Freiburg,15.9,4,0,0,23,12,7,52.2,1.44,0.75,0.17,0.33,2.2,2.2,0.10,+1.8,+1.8,Matches
343,Manuel Schmiedebach\Manuel-Schmiedebach,de GER,MF,Union Berlin,1.6,0,0,0,0,0,0,,0.00,0.00,,,0.0,0.0,,0.0,0.0,Matches
344,Benno Schmitz\Benno-Schmitz,de GER,DF,Köln,4.7,0,0,0,0,0,0,,0.00,0.00,,,0.0,0.0,,0.0,0.0,Matches
345,Sebastian Schonlau\Sebastian-Schonlau,de GER,MF,Paderborn 07,11.0,2,0,0,6,3,0,50.0,0.55,0.27,0.33,0.67,0.6,0.6,0.10,+1.4,+1.4,Matches
346,Alessandro Schöpf\Alessandro-Schopf,at AUT,MF,Schalke 04,2.1,0,0,0,5,1,0,20.0,2.33,0.47,0.00,0.00,0.7,0.7,0.15,-0.7,-0.7,Matches
347,Markus Schubert\Markus-Schubert,de GER,GK,Schalke 04,2.2,0,0,0,0,0,0,,0.00,0.00,,,0.0,0.0,,0.0,0.0,Matches
348,Nico Schulz\Nico-Schulz,de GER,DFMF,Dortmund,6.3,1,0,0,6,1,0,16.7,0.96,0.16,0.17,1.00,0.4,0.4,0.07,+0.6,+0.6,Matches
349,Alexander Schwolow\Alexander-Schwolow,de GER,GK,Freiburg,7.2,0,0,0,0,0,0,,0.00,0.00,,,0.0,0.0,,0.0,0.0,Matches
350,Davie Selke\Davie-Selke,de GER,FW,Hertha BSC,9.6,1,0,0,15,3,0,20.0,1.56,0.31,0.07,0.33,2.2,2.2,0.15,-1.2,-1.2,Matches
351,Suat Serdar\Suat-Serdar,de GER,MF,Schalke 04,12.9,6,0,0,28,11,0,39.3,2.17,0.85,0.21,0.55,2.4,2.4,0.08,+3.6,+3.6,Matches
352,Khiry Shelton\Khiry-Shelton,us USA,FW,Paderborn 07,0.4,0,0,0,0,0,0,,0.00,0.00,,,0.0,0.0,,0.0,0.0,Matches
353,André Silva\Andre-Silva,pt POR,FW,Eint Frankfurt,5.9,3,0,0,22,8,0,36.4,3.71,1.35,0.14,0.38,2.3,2.3,0.10,+0.7,+0.7,Matches
354,Sarpreet Singh\Sarpreet-Singh,nz NZL,MF,Bayern Munich,0.1,0,0,0,0,0,0,,0.00,0.00,,,0.0,0.0,,0.0,0.0,Matches
355,Daley Sinkgraven\Daley-Sinkgraven,nl NED,MF,Bayer,2.6,0,0,0,0,0,0,,0.00,0.00,,,0.0,0.0,,0.0,0.0,Matches
356,Ellyes Skhiri\Ellyes-Skhiri,tn TUN,MF,Köln,13.7,1,0,0,12,2,0,16.7,0.88,0.15,0.08,0.50,0.7,0.7,0.06,+0.3,+0.3,Matches
357,Robert Skov\Robert-Skov,dk DEN,FW,Hoffenheim,14.8,2,0,0,28,9,10,32.1,1.89,0.61,0.07,0.22,1.0,1.0,0.04,+1.0,+1.0,Matches
358,Dennis Smarsch\Dennis-Smarsch,de GER,GK,Hertha BSC,0.7,0,0,0,0,0,0,,0.00,0.00,,,0.0,0.0,,0.0,0.0,Matches
359,Lasse Sobiech\Lasse-Sobiech,de GER,DFMF,Köln,1.0,0,0,0,0,0,0,,0.00,0.00,,,0.0,0.0,,0.0,0.0,Matches
360,Marcel Sobottka\Marcel-Sobottka,de GER,MF,Düsseldorf,3.1,0,0,0,2,0,0,0.0,0.65,0.00,0.00,,0.0,0.0,0.02,0.0,0.0,Matches
361,Yann Sommer\Yann-Sommer,ch SUI,GK,M'gladbach,17.0,0,0,0,0,0,0,,0.00,0.00,,,0.0,0.0,,0.0,0.0,Matches
362,Djibril Sow\Djibril-Sow,ch SUI,MF,Eint Frankfurt,12.4,1,0,0,17,1,0,5.9,1.37,0.08,0.06,1.00,1.1,1.1,0.06,-0.1,-0.1,Matches
363,Jerry St. Juste\Jerry-St-Juste,nl NED,DF,Mainz 05,12.7,1,0,0,4,1,0,25.0,0.32,0.08,0.25,1.00,0.2,0.2,0.06,+0.8,+0.8,Matches
364,Kostas Stafylidis\Kostas-Stafylidis,gr GRE,DFMF,Hoffenheim,3.4,0,0,0,1,0,0,0.0,0.29,0.00,0.00,,0.0,0.0,0.03,0.0,0.0,Matches
365,Benjamin Stambouli\Benjamin-Stambouli,fr FRA,DFMF,Schalke 04,9.0,0,0,0,0,0,0,,0.00,0.00,,,0.0,0.0,,0.0,0.0,Matches
366,Niklas Stark\Niklas-Stark,de GER,DFMF,Hertha BSC,11.5,0,0,0,3,0,0,0.0,0.26,0.00,0.00,,0.2,0.2,0.07,-0.2,-0.2,Matches
367,Renato Steffen\Renato-Steffen,ch SUI,MF,Wolfsburg,4.5,0,0,0,2,0,0,0.0,0.44,0.00,0.00,,0.2,0.2,0.10,-0.2,-0.2,Matches
368,Zack Steffen\Zack-Steffen,us USA,GK,Düsseldorf,17.0,0,0,0,0,0,0,,0.00,0.00,,,0.0,0.0,,0.0,0.0,Matches
369,Lars Stindl\Lars-Stindl,de GER,MF,M'gladbach,3.5,1,1,1,5,1,0,20.0,1.42,0.28,0.00,0.00,1.5,0.8,0.15,-0.5,-0.8,Matches
370,Tobias Strobl\Tobias-Strobl,de GER,DFMF,M'gladbach,1.4,0,0,0,0,0,0,,0.00,0.00,,,0.0,0.0,,0.0,0.0,Matches
371,Christian Strohdiek\Christian-Strohdiek,de GER,DF,Paderborn 07,5.0,0,0,0,1,0,0,0.0,0.20,0.00,0.00,,0.2,0.2,0.19,-0.2,-0.2,Matches
372,Neven Subotić\Neven-Subotic,rs SRB,DF,Union Berlin,10.8,0,0,0,5,0,0,0.0,0.46,0.00,0.00,,0.5,0.5,0.10,-0.5,-0.5,Matches
373,Marek Suchý\Marek-Suchy,cz CZE,DF,Augsburg,1.5,0,0,0,0,0,0,,0.00,0.00,,,0.0,0.0,,0.0,0.0,Matches
374,Niklas Süle\Niklas-Sule,de GER,DF,Bayern Munich,7.1,0,0,0,6,1,0,16.7,0.84,0.14,0.00,0.00,0.2,0.2,0.04,-0.2,-0.2,Matches
375,Markus Suttner\Markus-Suttner,at AUT,DFGK,Düsseldorf,3.8,0,0,0,2,0,1,0.0,0.53,0.00,0.00,,0.1,0.1,0.03,-0.1,-0.1,Matches
376,Ádám Szalai\Adam-Szalai,hu HUN,FW,Mainz 05,8.4,1,0,0,18,7,0,38.9,2.13,0.83,0.06,0.14,3.4,3.4,0.19,-2.4,-2.4,Matches
377,Jonathan Tah\Jonathan-Tah,de GER,DF,Bayer,12.0,0,0,0,3,1,0,33.3,0.25,0.08,0.00,0.00,0.1,0.1,0.03,-0.1,-0.1,Matches
378,Georg Teigl\Georg-Teigl,at AUT,DFMF,Augsburg,1.1,0,0,0,0,0,0,,0.00,0.00,,,0.0,0.0,,0.0,0.0,Matches
379,Bernard Tekpetey\Bernard-Tekpetey,gh GHA,MF,Düsseldorf,4.3,0,0,0,10,1,0,10.0,2.32,0.23,0.00,0.00,0.5,0.5,0.05,-0.5,-0.5,Matches
380,Lino Tempelmann\Lino-Tempelmann,de GER,MF,Freiburg,0.4,0,0,0,1,0,0,0.0,2.65,0.00,0.00,,0.0,0.0,0.04,0.0,0.0,Matches
381,Simon Terodde\Simon-Terodde,de GER,FW,Köln,8.2,3,0,0,36,11,0,30.6,4.39,1.34,0.08,0.27,6.5,6.5,0.18,-3.5,-3.5,Matches
382,Niclas Thiede\Niclas-Thiede,de GER,GK,Freiburg,0.8,0,0,0,0,0,0,,0.00,0.00,,,0.0,0.0,,0.0,0.0,Matches
383,Jan Thielmann\Jan-Thielmann,de GER,FW,Köln,2.3,0,0,0,5,2,0,40.0,2.21,0.88,0.00,0.00,0.3,0.3,0.06,-0.3,-0.3,Matches
384,Erik Thommy\Erik-Thommy,de GER,MF,Düsseldorf,10.6,2,0,0,22,8,1,36.4,2.08,0.75,0.09,0.25,1.1,1.1,0.05,+0.9,+0.9,Matches
385,Marcus Thuram\Marcus-Thuram,fr FRA,FW,M'gladbach,13.8,6,0,0,31,21,0,67.7,2.24,1.52,0.19,0.29,5.3,5.3,0.17,+0.7,+0.7,Matches
386,Marcel Tisserand\Marcel-Tisserand,cd COD,DF,Wolfsburg,11.4,1,0,0,7,2,0,28.6,0.62,0.18,0.14,0.50,0.8,0.8,0.12,+0.2,+0.2,Matches
387,Corentin Tolisso\Corentin-Tolisso,fr FRA,DFMF,Bayern Munich,5.1,1,0,0,11,3,0,27.3,2.14,0.58,0.09,0.33,1.2,1.2,0.11,-0.2,-0.2,Matches
388,Ömer Toprak\Omer-Toprak,tr TUR,DF,Werder Bremen,3.1,0,0,0,4,1,0,25.0,1.29,0.32,0.00,0.00,0.3,0.3,0.06,-0.3,-0.3,Matches
389,Lucas Torró\Lucas-Torro,es ESP,MF,Eint Frankfurt,1.5,0,0,0,2,0,0,0.0,1.31,0.00,0.00,,0.1,0.1,0.04,-0.1,-0.1,Matches
390,Jordan Torunarigha\Jordan-Torunarigha,de GER,DF,Hertha BSC,1.0,0,0,0,0,0,0,,0.00,0.00,,,0.0,0.0,,0.0,0.0,Matches
391,Almamy Touré\Almamy-Toure,ml MLI,DF,Eint Frankfurt,7.2,0,0,0,8,2,0,25.0,1.11,0.28,0.00,0.00,1.4,1.4,0.17,-1.4,-1.4,Matches
392,Ibrahima Traoré\Ibrahima-Traore,gn GUI,MF,M'gladbach,0.1,0,0,0,0,0,0,,0.00,0.00,,,0.0,0.0,,0.0,0.0,Matches
393,Kevin Trapp\Kevin-Trapp,de GER,GK,Eint Frankfurt,6.0,0,0,0,0,0,0,,0.00,0.00,,,0.0,0.0,,0.0,0.0,Matches
394,Christopher Trimmel\Christopher-Trimmel,at AUT,FWMF,Union Berlin,17.0,0,0,0,2,2,0,100.0,0.12,0.12,0.00,0.00,0.1,0.1,0.05,-0.1,-0.1,Matches
395,Anthony Ujah\Anthony-Ujah,ng NGA,FW,Union Berlin,5.7,2,0,0,13,4,0,30.8,2.28,0.70,0.15,0.50,1.5,1.5,0.11,+0.5,+0.5,Matches
396,Sven Ulreich\Sven-Ulreich,de GER,GK,Bayern Munich,0.0,0,0,0,0,0,0,,,,,,0.0,0.0,,0.0,0.0,Matches
397,Dayot Upamecano\Dayot-Upamecano,fr FRA,DF,RB Leipzig,12.6,0,0,0,11,4,0,36.4,0.87,0.32,0.00,0.00,1.6,1.6,0.16,-1.6,-1.6,Matches
398,Mark Uth\Mark-Uth,de GER,FW,Schalke 04,3.9,0,0,0,8,3,0,37.5,2.05,0.77,0.00,0.00,0.9,0.9,0.12,-0.9,-0.9,Matches
399,Ruben Vargas\Ruben-Vargas,ch SUI,FW,Augsburg,14.2,3,0,0,28,12,0,42.9,1.97,0.85,0.11,0.25,4.1,4.1,0.15,-1.1,-1.1,Matches
400,Sebastian Vasiliadis\Sebastian-Vasiliadis,gr GRE,MF,Paderborn 07,15.4,0,0,0,15,4,0,26.7,0.97,0.26,0.00,0.00,0.7,0.7,0.05,-0.7,-0.7,Matches
401,Miloš Veljković\Milos-Veljkovic,rs SRB,DF,Werder Bremen,9.9,0,0,0,2,0,0,0.0,0.20,0.00,0.00,,0.1,0.1,0.05,-0.1,-0.1,Matches
402,Birger Verstraete\Birger-Verstraete,be BEL,DF,Köln,7.4,0,0,0,8,2,4,25.0,1.08,0.27,0.00,0.00,0.3,0.3,0.04,-0.3,-0.3,Matches
403,Kevin Vogt\Kevin-Vogt,de GER,DFMF,Hoffenheim,10.7,0,0,0,0,0,0,,0.00,0.00,,,0.0,0.0,,0.0,0.0,Matches
404,Kevin Volland\Kevin-Volland,de GER,FW,Bayer,15.2,5,0,0,46,22,1,47.8,3.02,1.45,0.11,0.23,6.8,6.8,0.15,-1.8,-1.8,Matches
405,Luca Waldschmidt\Luca-Waldschmidt,de GER,FW,Freiburg,6.0,4,2,2,18,3,1,16.7,3.02,0.50,0.11,0.67,2.3,0.8,0.05,+1.7,+1.2,Matches
406,Wout Weghorst\Wout-Weghorst,nl NED,FW,Wolfsburg,16.1,7,1,1,45,17,0,37.8,2.79,1.05,0.13,0.35,7.1,6.3,0.14,-0.1,-0.3,Matches
407,Julian Weigl\Julian-Weigl,de GER,MF,Dortmund,11.3,1,0,0,9,3,0,33.3,0.79,0.26,0.11,0.33,0.3,0.3,0.03,+0.7,+0.7,Matches
408,Mitchell Weiser\Mitchell-Weiser,de GER,DFMF,Bayer,5.9,0,0,0,3,0,0,0.0,0.51,0.00,0.00,,0.2,0.2,0.06,-0.2,-0.2,Matches
409,Wendell\Wendell,br BRA,DF,Bayer,12.7,0,0,0,7,0,0,0.0,0.55,0.00,0.00,,0.2,0.2,0.03,-0.2,-0.2,Matches
410,Oscar Wendt\Oscar-Wendt,se SWE,DF,M'gladbach,9.9,2,0,0,7,2,0,28.6,0.71,0.20,0.29,1.00,1.1,1.1,0.15,+0.9,+0.9,Matches
411,Timo Werner\Timo-Werner,de GER,FWMF,RB Leipzig,15.8,18,3,3,67,35,0,52.2,4.23,2.21,0.22,0.43,13.9,11.6,0.17,+4.1,+3.4,Matches
412,Felix Wiedwald\Felix-Wiedwald,de GER,GK,Eint Frankfurt,3.0,0,0,0,0,0,0,,0.00,0.00,,,0.0,0.0,,0.0,0.0,Matches
413,William\William,br BRA,DF,Wolfsburg,13.9,1,0,0,17,6,1,35.3,1.22,0.43,0.06,0.17,1.5,1.5,0.09,-0.5,-0.5,Matches
414,Axel Witsel\Axel-Witsel,be BEL,MF,Dortmund,12.1,3,0,0,16,5,0,31.3,1.32,0.41,0.19,0.60,1.0,1.0,0.06,+2.0,+2.0,Matches
415,Hannes Wolf\Hannes-Wolf,at AUT,MF,RB Leipzig,0.2,0,0,0,0,0,0,,0.00,0.00,,,0.0,0.0,,0.0,0.0,Matches
416,Marius Wolf\Marius-Wolf,de GER,FW,Hertha BSC,10.3,1,0,0,9,2,0,22.2,0.88,0.19,0.11,0.50,0.5,0.5,0.05,+0.5,+0.5,Matches
417,Dan-Axel Zagadou\Dan-Axel-Zagadou,fr FRA,DF,Dortmund,5.3,0,0,0,2,1,0,50.0,0.38,0.19,0.00,0.00,0.1,0.1,0.04,-0.1,-0.1,Matches
418,Denis Zakaria\Denis-Zakaria,ch SUI,MF,M'gladbach,15.2,2,0,0,18,5,0,27.8,1.18,0.33,0.11,0.40,1.2,1.2,0.07,+0.8,+0.8,Matches
419,Robin Zentner\Robin-Zentner,de GER,GK,Mainz 05,14.0,0,0,0,0,0,0,,0.00,0.00,,,0.0,0.0,,0.0,0.0,Matches
420,Jean Zimmer\Jean-Zimmer,de GER,DF,Düsseldorf,5.9,0,0,0,9,1,0,11.1,1.53,0.17,0.00,0.00,0.3,0.3,0.03,-0.3,-0.3,Matches
421,Matthias Zimmermann\Matthias-Zimmermann,de GER,DFMF,Düsseldorf,17.0,0,0,0,10,0,0,0.0,0.59,0.00,0.00,,0.3,0.3,0.03,-0.3,-0.3,Matches
422,Leopold Zingerle\Leopold-Zingerle,de GER,GK,Paderborn 07,11.0,0,0,0,0,0,0,,0.00,0.00,,,0.0,0.0,,0.0,0.0,Matches
423,Joshua Zirkzee\Joshua-Zirkzee,nl NED,FW,Bayern Munich,0.1,2,0,0,2,2,0,100.0,25.71,25.71,1.00,1.00,0.6,0.6,0.29,+1.4,+1.4,Matches
424,Ben Zolinski\Ben-Zolinski,de GER,DFMF,Paderborn 07,9.1,2,0,0,13,4,0,30.8,1.43,0.44,0.15,0.50,2.0,2.0,0.16,0.0,0.0,Matches
425,Steven Zuber\Steven-Zuber,ch SUI,MF,Hoffenheim,1.0,0,0,0,3,0,0,0.0,3.00,0.00,0.00,,0.1,0.1,0.04,-0.1,-0.1,Matches