Rk,Player,Nation,Pos,Squad,90s,Gls,PK,PKatt,Sh,SoT,FK,SoT%,Sh/90,SoT/90,G/Sh,G/SoT,Matches
1,Hiroki Abe\Hiroki-Abe,jp JPN,FW,Kashima Antlers,7.2,1,0,0,12,4,,33.3,1.68,0.56,0.08,0.25,Matches
2,Hiroyuki Abe\Hiroyuki-Abe,jp JPN,MF,Kawa Frontale,17.9,7,0,0,43,19,,44.2,2.40,1.06,0.16,0.37,Matches
3,Shuto Abe\Shuto-Abe,jp JPN,MF,FC Tokyo,0.1,0,0,0,1,0,,0.0,11.25,0.00,0.00,,Matches
4,Takuma Abe\Takuma-Abe,jp JPN,FWMF,Vegalta Sendai,2.3,0,0,0,5,0,,0.0,2.22,0.00,0.00,,Matches
5,Yuki Abe\Yuki-Abe,jp JPN,DFMF,Urawa Reds,6.6,0,0,0,6,2,,33.3,0.91,0.30,0.00,0.00,Matches
6,Diogo Acosta\Diogo-Acosta,br BRA,FW,Vegalta Sendai,0.1,0,0,0,1,0,,0.0,18.00,0.00,0.00,,Matches
7,Adaílton\Adailton,br BRA,FW,Júbilo Iwata,25.8,7,0,0,96,29,,30.2,3.72,1.12,0.07,0.24,Matches
8,Ademilson\Ademilson,br BRA,FW,Gamba Osaka,26.1,10,1,2,86,26,,30.2,3.29,1.00,0.10,0.35,Matches
9,Fábio Aguiar\Fabio-Aguiar,br BRA,DF,Júbilo Iwata,2.8,0,0,0,2,0,,0.0,0.71,0.00,0.00,,Matches
10,Shuhei Akasaki\Shuhei-Akasaki,jp JPN,FW,Grampus,6.1,5,0,0,21,10,,47.6,3.42,1.63,0.24,0.50,Matches
11,Yota Akimoto\Yota-Akimoto,jp JPN,GK,Shonan Bellmare,30.0,0,0,0,0,0,,,0.00,0.00,,,Matches
12,Hiroki Akino\Hiroki-Akino,jp JPN,MF,Shonan Bellmare,1.5,0,0,0,0,0,,,0.00,0.00,,,Matches
13,Yosuke Akiyama\Yosuke-Akiyama,jp JPN,,Júbilo Iwata,4.5,0,0,0,2,0,,0.0,0.44,0.00,0.00,,Matches
14,Eren Albayrak\Eren-Albayrak,tr TUR,MF,Júbilo Iwata,2.3,0,0,0,3,0,,0.0,1.29,0.00,0.00,,Matches
15,Lukian Araújo de Almeida\Lukian-Araujo-de-Almeida,br BRA,FW,Júbilo Iwata,11.6,1,0,0,27,6,,22.2,2.34,0.52,0.04,0.17,Matches
16,Tiago Alves\Tiago-Alves,br BRA,FW,Sagan Tosu,0.7,0,0,0,3,1,,33.3,4.50,1.50,0.00,0.00,Matches
17,Jun Amano\Jun-Amano,jp JPN,MF,Marinos,15.2,0,0,0,20,4,,20.0,1.32,0.26,0.00,0.00,Matches
18,Akira Ando\Akira-Ando,jp JPN,MF,Yamaga,0.7,0,0,0,0,0,,,0.00,0.00,,,Matches
19,Maurício Antônio\Mauricio-Antonio,br BRA,DF,Urawa Reds,21.5,1,0,0,15,3,,20.0,0.70,0.14,0.07,0.33,Matches
20,Kazuki Anzai\Kazuki-Anzai,jp JPN,DF,Sagan Tosu,1.1,0,0,0,0,0,,,0.00,0.00,,,Matches
21,Koki Anzai\Koki-Anzai,jp JPN,DF,Kashima Antlers,15.0,3,0,0,15,3,,20.0,1.00,0.20,0.20,1.00,Matches
22,Takuya Aoki\Takuya-Aoki,jp JPN,MF,Urawa Reds,23.6,0,0,0,9,4,,44.4,0.38,0.17,0.00,0.00,Matches
23,Toshihiro Aoyama\Toshihiro-Aoyama,jp JPN,MF,Sanfrecce,9.8,0,0,0,10,0,,0.0,1.02,0.00,0.00,,Matches
24,Shota Arai\Shota-Arai,jp JPN,GK,Kawa Frontale,7.0,0,0,0,0,0,,,0.00,0.00,,,Matches
25,Daigo Araki\Daigo-Araki,jp JPN,MF,Júbilo Iwata,7.7,1,1,1,20,8,,40.0,2.59,1.03,0.00,0.00,Matches
26,Hayato Araki\Hayato-Araki,jp JPN,DF,Sanfrecce,22.7,2,0,0,8,2,,25.0,0.35,0.09,0.25,1.00,Matches
27,Takuma Arano\Takuma-Arano,jp JPN,MF,Consa Sapporo,24.8,1,0,0,22,4,,18.2,0.89,0.16,0.05,0.25,Matches
28,Arthur\Arthur,br BRA,FW,FC Tokyo,2.1,1,0,0,2,1,,50.0,0.95,0.47,0.50,1.00,Matches
29,Kenji Baba\Kenji-Baba,jp JPN,MF,Oita Trinita,0.2,0,0,0,0,0,,,0.00,0.00,,,Matches
30,Jay Bothroyd\Jay-Bothroyd,eng ENG,FW,Consa Sapporo,14.8,9,0,0,46,20,,43.5,3.10,1.35,0.20,0.45,Matches
31,Karlo Bručić\Karlo-Brucic,hr CRO,DFMF,Sagan Tosu,4.3,0,0,0,0,0,,,0.00,0.00,,,Matches
32,Theerathon Bunmathan\Theerathon-Bunmathan,th THA,DF,Marinos,24.7,3,0,0,14,5,,35.7,0.57,0.20,0.21,0.60,Matches
33,Caio César\Caio-Cesar,br BRA,MF,Kawa Frontale,0.0,0,0,0,0,0,,,,,,,Matches
34,Kazuhiko Chiba\Kazuhiko-Chiba,jp JPN,DFMF,Grampus,0.0,0,0,0,0,0,,,,,,,Matches
35,Kei Chinen\Kei-Chinen,jp JPN,FW,Kawa Frontale,10.6,5,0,0,40,14,,35.0,3.77,1.32,0.13,0.36,Matches
36,David Concha\David-Concha,es ESP,FWMF,Gamba Osaka,0.3,0,0,0,1,0,,0.0,3.91,0.00,0.00,,Matches
37,Crislan\Crislan,br BRA,FW,Shonan Bellmare,1.3,0,0,0,5,1,,20.0,3.85,0.77,0.00,0.00,Matches
38,Isaac Cuenca\Isaac-Cuenca,es ESP,FWMF,Sagan Tosu,24.8,6,0,0,38,21,,55.3,1.54,0.85,0.16,0.29,Matches
39,Dusan Cvetinovic\Dusan-Cvetinovic,rs SRB,DF,Marinos,0.1,0,0,0,0,0,,,0.00,0.00,,,Matches
40,Leandro Damião\Leandro-Damiao,br BRA,FW,Kawa Frontale,11.2,9,0,1,43,17,,39.5,3.83,1.51,0.21,0.53,Matches
41,Wellington Daniel Bueno\Wellington-Daniel-Bueno,br BRA,DF,Kashima Antlers,12.2,1,0,0,10,4,,40.0,0.82,0.33,0.10,0.25,Matches
42,Dankler\Dankler,br BRA,DF,Vissel Kobe,29.0,0,0,0,10,2,,20.0,0.34,0.07,0.00,0.00,Matches
43,Riku Danzaki\Riku-Danzaki,jp JPN,MF,Consa Sapporo,0.0,0,0,0,0,0,,,,,,,Matches
44,Shoma Doi\Shoma-Doi,jp JPN,MF,Kashima Antlers,30.2,5,0,0,47,19,,40.4,1.56,0.63,0.11,0.26,Matches
45,Cho Dong-geon\Cho-Dong-geon,kr KOR,FW,Sagan Tosu,4.2,0,0,0,10,4,,40.0,2.36,0.94,0.00,0.00,Matches
46,Douglas\Douglas,br BRA,FW,S-Pulse,25.7,14,2,2,93,32,,34.4,3.61,1.24,0.13,0.38,Matches
47,Dudu\Dudu,br BRA,MF,Yamaga,6.9,0,0,0,7,2,,28.6,1.02,0.29,0.00,0.00,Matches
48,Rafael Dumas\Rafael-Dumas,br BRA,DF,Shonan Bellmare,0.3,0,0,0,0,0,,,0.00,0.00,,,Matches
49,Junior Dutra\Junior-Dutra,br BRA,FWMF,S-Pulse,3.6,1,0,0,16,5,,31.3,4.43,1.38,0.06,0.20,Matches
50,Lorenzo Ebecilio\Lorenzo-Ebecilio,nl NED,FWMF,Júbilo Iwata,1.3,0,0,0,3,0,,0.0,2.33,0.00,0.00,,Matches
51,Elsinho\Elsinho,br BRA,DF,S-Pulse,25.4,4,0,0,34,12,,35.3,1.34,0.47,0.12,0.33,Matches
52,Keita Endo\Keita-Endo,jp JPN,MF,Marinos,21.2,7,0,0,54,20,,37.0,2.54,0.94,0.13,0.35,Matches
53,Yasuhito Endō\Yasuhito-Endo,jp JPN,MF,Gamba Osaka,21.3,1,0,0,11,3,,27.3,0.52,0.14,0.09,0.33,Matches
54,Yasushi Endo\Yasushi-Endo,jp JPN,MF,Kashima Antlers,5.2,1,0,0,14,5,,35.7,2.70,0.96,0.07,0.20,Matches
55,Daiki Enomoto\Daiki-Enomoto,jp JPN,FW,Grampus,0.3,0,0,0,1,0,,0.0,3.10,0.00,0.00,,Matches
56,Ewerton\Ewerton,br BRA,MF,Urawa Reds,19.6,2,0,0,25,8,,32.0,1.28,0.41,0.08,0.25,Matches
57,Lucas Fernandes\Lucas-Fernandes,br BRA,FW,Consa Sapporo,23.3,2,0,0,27,8,,29.6,1.16,0.34,0.07,0.25,Matches
58,Jael Ferreira\Jael-Ferreira,br BRA,FW,FC Tokyo,2.6,1,0,0,14,5,,35.7,5.34,1.91,0.07,0.20,Matches
59,Michael Fitzgerald\Michael-Fitzgerald,nz NZL,DF,Kawa Frontale,3.0,0,0,0,0,0,,,0.00,0.00,,,Matches
60,Freire\Freire,br BRA,DF,Shonan Bellmare,15.8,2,0,0,16,5,,31.3,1.01,0.32,0.13,0.40,Matches
61,Hiroki Fujiharu\Hiroki-Fujiharu,jp JPN,DF,Gamba Osaka,14.4,2,0,0,15,4,,26.7,1.04,0.28,0.13,0.50,Matches
62,Haruya Fujii\Haruya-Fujii,jp JPN,DF,Grampus,4.0,0,0,0,0,0,,,0.00,0.00,,,Matches
63,Kotaro Fujikawa\Kotaro-Fujikawa,jp JPN,MF,Júbilo Iwata,5.0,1,0,0,10,2,,20.0,1.98,0.40,0.10,0.50,Matches
64,Jungo Fujimoto\Jungo-Fujimoto,jp JPN,MF,Gamba Osaka,0.7,0,0,0,1,0,,0.0,1.38,0.00,0.00,,Matches
65,Noriaki Fujimoto\Noriaki-Fujimoto,jp JPN,FW,Vissel Kobe,1.5,1,0,0,6,2,,33.3,3.88,1.29,0.17,0.50,Matches
66,Noriaki Fujimoto\Noriaki-Fujimoto,jp JPN,FW,Oita Trinita,18.7,8,0,0,37,19,,51.4,1.98,1.01,0.22,0.42,Matches
67,Ren Fujimura\Ren-Fujimura,jp JPN,FW,Consa Sapporo,0.1,0,0,0,0,0,,,0.00,0.00,,,Matches
68,Ibuki Fujita\Ibuki-Fujita,jp JPN,MF,Yamaga,23.7,0,0,0,8,4,,50.0,0.34,0.17,0.00,0.00,Matches
69,Masato Fujita\Masato-Fujita,jp JPN,DF,Sagan Tosu,6.9,0,0,0,1,0,,0.0,0.15,0.00,0.00,,Matches
70,Naoyuki Fujita\Naoyuki-Fujita,jp JPN,MF,Cerezo Osaka,24.1,0,0,0,12,5,,41.7,0.50,0.21,0.00,0.00,Matches
71,Yoshiaki Fujita\Yoshiaki-Fujita,jp JPN,DF,Júbilo Iwata,9.2,0,0,0,4,2,,50.0,0.43,0.22,0.00,0.00,Matches
72,So Fujitani\So-Fujitani,jp JPN,DF,Vissel Kobe,4.7,0,0,0,0,0,,,0.00,0.00,,,Matches
73,Shumpei Fukahori\Shumpei-Fukahori,jp JPN,FW,Grampus,0.1,0,0,0,1,0,,0.0,10.00,0.00,0.00,,Matches
74,Kazuki Fukai\Kazuki-Fukai,jp JPN,MF,Consa Sapporo,27.2,2,0,0,11,4,,36.4,0.40,0.15,0.18,0.50,Matches
75,Yuya Fukuda\Yuya-Fukuda,jp JPN,MF,Gamba Osaka,12.7,1,0,0,13,4,,30.8,1.02,0.31,0.08,0.25,Matches
76,Akito Fukumori\Akito-Fukumori,jp JPN,DF,Consa Sapporo,33.0,2,0,0,24,9,,37.5,0.73,0.27,0.08,0.22,Matches
77,Naoya Fukumori\Naoya-Fukumori,jp JPN,FW,Oita Trinita,8.7,0,0,0,1,0,,0.0,0.11,0.00,0.00,,Matches
78,Haruki Fukushima\Haruki-Fukushima,jp JPN,GK,Urawa Reds,1.0,0,0,0,0,0,,,0.00,0.00,,,Matches
79,Akito Fukuta\Akito-Fukuta,jp JPN,MF,Sagan Tosu,18.0,0,0,0,13,4,,30.8,0.72,0.22,0.00,0.00,Matches
80,Kakeru Funaki\Kakeru-Funaki,jp JPN,DF,Cerezo Osaka,4.3,0,0,0,1,0,,0.0,0.23,0.00,0.00,,Matches
81,Kyogo Furuhashi\Kyogo-Furuhashi,jp JPN,,Vissel Kobe,26.0,10,0,0,78,29,,37.2,3.00,1.11,0.13,0.34,Matches
82,Hiroshi Futami\Hiroshi-Futami,jp JPN,DF,S-Pulse,23.2,0,0,0,7,2,,28.6,0.30,0.09,0.00,0.00,Matches
83,Nino Galović\Nino-Galovic,hr CRO,DF,Sagan Tosu,2.3,0,0,0,1,0,,0.0,0.43,0.00,0.00,,Matches
84,Ryo Germain\Ryo-Germain,jp JPN,FW,Vegalta Sendai,9.4,1,0,0,22,6,,27.3,2.35,0.64,0.05,0.17,Matches
85,Yuta Goke\Yuta-Goke,jp JPN,MF,Vissel Kobe,5.4,1,0,0,9,2,,22.2,1.67,0.37,0.11,0.50,Matches
86,Esmaël Gonçalves\Esmael-Goncalves,gw GNB,FWMF,Yamaga,0.4,0,0,0,3,0,,0.0,7.50,0.00,0.00,,Matches
87,Yusuke Goto\Yusuke-Goto,jp JPN,FW,Oita Trinita,8.0,2,0,0,20,6,,30.0,2.50,0.75,0.10,0.33,Matches
88,Koji Hachisuka\Koji-Hachisuka,jp JPN,DF,Vegalta Sendai,29.9,0,0,0,24,4,,16.7,0.80,0.13,0.00,0.00,Matches
89,Kento Haneda\Kento-Haneda,jp JPN,DF,Oita Trinita,0.9,0,0,0,1,0,,0.0,1.08,0.00,0.00,,Matches
90,Teruki Hara\Teruki-Hara,jp JPN,MF,Sagan Tosu,17.3,0,0,0,9,0,,0.0,0.52,0.00,0.00,,Matches
91,Riki Harakawa\Riki-Harakawa,jp JPN,MF,Sagan Tosu,27.2,4,0,0,27,9,,33.3,0.99,0.33,0.15,0.44,Matches
92,Takeaki Harigaya\Takeaki-Harigaya,jp JPN,MF,Júbilo Iwata,1.5,0,0,0,2,1,,50.0,1.37,0.69,0.00,0.00,Matches
93,Ariajasuru Hasegawa\Ariajasuru-Hasegawa,jp JPN,MF,Grampus,18.4,3,0,0,25,11,,44.0,1.36,0.60,0.12,0.27,Matches
94,Tatsuya Hasegawa\Tatsuya-Hasegawa,jp JPN,MF,Kawa Frontale,14.8,5,0,0,29,12,,41.4,1.95,0.81,0.17,0.42,Matches
95,Yushi Hasegawa\Yushi-Hasegawa,jp JPN,MF,Oita Trinita,15.1,0,0,0,10,1,,10.0,0.66,0.07,0.00,0.00,Matches
96,Kento Hashimoto\Kento-Hashimoto,jp JPN,MF,FC Tokyo,34.0,3,0,0,24,4,,16.7,0.71,0.12,0.13,0.75,Matches
97,Wataru Hashimoto\Wataru-Hashimoto,jp JPN,DF,Vissel Kobe,1.6,0,0,0,1,1,,100.0,0.61,0.61,0.00,0.00,Matches
98,Daiki Hashioka\Daiki-Hashioka,jp JPN,DF,Urawa Reds,16.0,2,0,0,12,4,,33.3,0.75,0.25,0.17,0.50,Matches
99,Yuya Hashiuchi\Yuya-Hashiuchi,jp JPN,DF,Yamaga,26.1,0,0,0,4,0,,0.0,0.15,0.00,0.00,,Matches
100,Shinnosuke Hatanaka\Shinnosuke-Hatanaka,jp JPN,DF,Marinos,34.0,0,0,0,11,2,,18.2,0.32,0.06,0.00,0.00,Matches
101,Reo Hatate\Reo-Hatate,jp JPN,FW,Kawa Frontale,0.1,0,0,0,0,0,,,0.00,0.00,,,Matches
102,Ryo Hatsuse\Ryo-Hatsuse,jp JPN,DF,Vissel Kobe,15.5,0,0,0,11,2,,18.2,0.71,0.13,0.00,0.00,Matches
103,Naoki Hatta\Naoki-Hatta,jp JPN,GK,Júbilo Iwata,8.0,0,0,0,0,0,,,0.00,0.00,,,Matches
104,Kohei Hattori\Kohei-Hattori,jp JPN,FW,Yamaga,4.0,0,0,0,1,0,,0.0,0.25,0.00,0.00,,Matches
105,Ryota Hayasaka\Ryota-Hayasaka,jp JPN,MF,Consa Sapporo,5.2,1,0,0,3,3,,100.0,0.58,0.58,0.33,0.33,Matches
106,Akihiro Hayashi\Akihiro-Hayashi,jp JPN,GK,FC Tokyo,34.0,0,0,0,0,0,,,0.00,0.00,,,Matches
107,Daichi Hayashi\Daichi-Hayashi,jp JPN,FW,Sagan Tosu,0.2,1,0,0,1,1,,100.0,5.63,5.63,1.00,1.00,Matches
108,Takuto Hayashi\Takuto-Hayashi,jp JPN,GK,Sanfrecce,4.0,0,0,0,0,0,,,0.00,0.00,,,Matches
109,Keigo Higashi\Keigo-Higashi,jp JPN,FWMF,FC Tokyo,33.0,1,0,0,32,6,,18.8,0.97,0.18,0.03,0.17,Matches
110,Shunki Higashi\Shunki-Higashi,jp JPN,MF,Sanfrecce,4.3,0,0,0,5,1,,20.0,1.17,0.23,0.00,0.00,Matches
111,Masaaki Higashiguchi\Masaaki-Higashiguchi,jp JPN,GK,Gamba Osaka,34.0,0,0,0,1,0,,0.0,0.03,0.00,0.00,,Matches
112,Yuta Higuchi\Yuta-Higuchi,jp JPN,MF,Sagan Tosu,0.1,0,0,0,0,0,,,0.00,0.00,,,Matches
113,Rei Hirakawa\Rei-Hirakawa,jp JPN,MF,FC Tokyo,0.0,0,0,0,0,0,,,,,,,Matches
114,Yasuhiro Hiraoka\Yasuhiro-Hiraoka,jp JPN,DF,Vegalta Sendai,28.7,2,0,0,15,6,,40.0,0.52,0.21,0.13,0.33,Matches
115,Taiki Hirato\Taiki-Hirato,jp JPN,MF,Kashima Antlers,0.6,0,0,0,0,0,,,0.00,0.00,,,Matches
116,Rikuto Hirose\Rikuto-Hirose,jp JPN,MF,Marinos,19.2,1,0,0,25,8,,32.0,1.30,0.42,0.04,0.13,Matches
117,Yuji Hoshi\Yuji-Hoshi,jp JPN,DF,Oita Trinita,5.9,0,0,0,2,1,,50.0,0.34,0.17,0.00,0.00,Matches
118,Shingo Hyodo\Shingo-Hyodo,jp JPN,MF,Vegalta Sendai,7.4,1,0,0,4,1,,25.0,0.54,0.13,0.25,1.00,Matches
119,Jang Hyun-soo\Jang-Hyun-soo,kr KOR,DF,FC Tokyo,13.0,0,0,0,2,0,,0.0,0.15,0.00,0.00,,Matches
120,Víctor Ibarbo\Victor-Ibarbo,co COL,FWMF,Sagan Tosu,0.6,0,0,0,1,0,,0.0,1.61,0.00,0.00,,Matches
121,Akira Ibayashi\Akira-Ibayashi,jp JPN,DF,Sanfrecce,3.0,0,0,0,0,0,,,0.00,0.00,,,Matches
122,Hiroshi Ibusuki\Hiroshi-Ibusuki,jp JPN,FW,Shonan Bellmare,5.7,1,0,0,16,7,,43.8,2.80,1.22,0.06,0.14,Matches
123,Yosuke Ideguchi\Yosuke-Ideguchi,jp JPN,MF,Gamba Osaka,9.6,2,0,0,15,4,,26.7,1.56,0.42,0.13,0.50,Matches
124,Akihiro Ienaga\Akihiro-Ienaga,jp JPN,MF,Kawa Frontale,23.2,0,0,0,39,12,,30.8,1.68,0.52,0.00,0.00,Matches
125,Masaki Iida\Masaki-Iida,jp JPN,DF,Yamaga,29.0,2,0,0,19,6,,31.6,0.66,0.21,0.11,0.33,Matches
126,Takahiro Iida\Takahiro-Iida,jp JPN,DF,S-Pulse,4.4,0,0,0,4,2,,50.0,0.91,0.45,0.00,0.00,Matches
127,Hiroki Iikura\Hiroki-Iikura,jp JPN,GK,Vissel Kobe,12.0,0,0,0,0,0,,,0.00,0.00,,,Matches
128,Hiroki Iikura\Hiroki-Iikura,jp JPN,GK,Marinos,5.0,0,0,0,0,0,,,0.00,0.00,,,Matches
129,Tomoki Imai\Tomoki-Imai,jp JPN,DF,Yamaga,18.0,0,0,0,3,0,,0.0,0.17,0.00,0.00,,Matches
130,Yu In-soo\Yu-In-soo,kr KOR,MF,FC Tokyo,1.3,0,0,0,4,0,,0.0,3.08,0.00,0.00,,Matches
131,Sho Inagaki\Sho-Inagaki,jp JPN,MF,Sanfrecce,19.4,4,0,0,21,5,,23.8,1.08,0.26,0.19,0.80,Matches
132,Andrés Iniesta\Andres-Iniesta,es ESP,MF,Vissel Kobe,21.5,6,3,4,39,17,,43.6,1.82,0.79,0.08,0.18,Matches
133,Tomoya Inukai\Tomoya-Inukai,jp JPN,DF,Kashima Antlers,29.0,2,0,0,17,3,,17.6,0.59,0.10,0.12,0.67,Matches
134,Park Iru-gyu\Park-Iru-gyu,kr KOR,GK,Marinos,24.7,0,0,0,0,0,,,0.00,0.00,,,Matches
135,Kohei Isa\Kohei-Isa,jp JPN,FW,Oita Trinita,1.0,1,0,0,2,1,,50.0,2.00,1.00,0.50,1.00,Matches
136,Ryoma Ishida\Ryoma-Ishida,jp JPN,DF,Júbilo Iwata,0.2,0,0,0,0,0,,,0.00,0.00,,,Matches
137,Hideki Ishige\Hideki-Ishige,jp JPN,MF,S-Pulse,2.8,0,0,0,8,3,,37.5,2.85,1.07,0.00,0.00,Matches
138,Naoki Ishihara\Naoki-Ishihara,jp JPN,FW,Vegalta Sendai,16.0,1,1,1,21,7,,33.3,1.31,0.44,0.00,0.00,Matches
139,Takayoshi Ishihara\Takayoshi-Ishihara,jp JPN,MF,Vegalta Sendai,13.7,0,0,0,26,7,,26.9,1.90,0.51,0.00,0.00,Matches
140,Kaisei Ishii\Kaisei-Ishii,jp JPN,FW,Sagan Tosu,0.0,0,0,0,0,0,,,0.00,0.00,,,Matches
141,Naoki Ishikawa\Naoki-Ishikawa,jp JPN,DF,Consa Sapporo,1.9,1,0,0,2,1,,50.0,1.03,0.52,0.50,1.00,Matches
142,Hiroki Ito\Hiroki-Ito,jp JPN,MF,Grampus,0.5,0,0,0,2,0,,0.0,4.19,0.00,0.00,,Matches
143,Makito Ito\Makito-Ito,jp JPN,DF,Marinos,1.4,0,0,0,0,0,,,0.00,0.00,,,Matches
144,Ryotaro Ito\Ryotaro-Ito,jp JPN,MF,Oita Trinita,1.6,0,0,0,4,0,,0.0,2.50,0.00,0.00,,Matches
145,Sho Ito\Sho-Ito,jp JPN,FW,Kashima Antlers,20.3,7,1,1,45,16,,35.6,2.22,0.79,0.13,0.38,Matches
146,Yukitoshi Ito\Yukitoshi-Ito,jp JPN,DF,Kashima Antlers,1.8,0,0,0,0,0,,,0.00,0.00,,,Matches
147,Yuzo Iwakami\Yuzo-Iwakami,jp JPN,MF,Yamaga,12.3,1,0,0,15,5,,33.3,1.22,0.41,0.07,0.20,Matches
148,Takuya Iwanami\Takuya-Iwanami,jp JPN,DF,Urawa Reds,24.0,1,0,0,11,4,,36.4,0.46,0.17,0.09,0.25,Matches
149,Yuto Iwasaki\Yuto-Iwasaki,jp JPN,FW,Consa Sapporo,0.6,0,0,0,1,0,,0.0,1.73,0.00,0.00,,Matches
150,Tomoki Iwata\Tomoki-Iwata,jp JPN,MF,Oita Trinita,26.7,4,0,0,13,6,,46.2,0.49,0.22,0.31,0.67,Matches
151,Katsuya Iwatake\Katsuya-Iwatake,jp JPN,DF,Urawa Reds,2.3,0,0,0,0,0,,,0.00,0.00,,,Matches
152,Ryuji Izumi\Ryuji-Izumi,jp JPN,MF,Grampus,25.9,6,0,0,40,11,,27.5,1.54,0.42,0.15,0.55,Matches
153,Oh Jae-suk\Oh-Jae-suk,kr KOR,DF,FC Tokyo,12.0,0,0,0,0,0,,,0.00,0.00,,,Matches
154,Oh Jae-suk\Oh-Jae-suk,kr KOR,DF,Gamba Osaka,7.7,0,0,0,3,0,,0.0,0.39,0.00,0.00,,Matches
155,Park Jeong-su\Park-Jeong-su,kr KOR,DF,Sagan Tosu,8.0,0,0,0,2,0,,0.0,0.25,0.00,0.00,,Matches
156,Jesiel\Jesiel,br BRA,DF,Kawa Frontale,15.0,0,0,0,8,1,,12.5,0.53,0.07,0.00,0.00,Matches
157,Kim Jin-hyeon\Kim-Jin-hyeon,kr KOR,GK,Cerezo Osaka,34.0,0,0,0,0,0,,,0.00,0.00,,,Matches
158,Jô\Jo,br BRA,FW,Grampus,31.4,6,1,1,98,34,,34.7,3.12,1.08,0.05,0.15,Matches
159,Matej Jonjić\Matej-Jonjic,hr CRO,DF,Cerezo Osaka,34.0,1,0,0,26,7,,26.9,0.76,0.21,0.04,0.14,Matches
160,Kim Jung-ya\Kim-Jung-ya,kr KOR,DF,Vegalta Sendai,10.3,0,0,0,4,2,,50.0,0.39,0.19,0.00,0.00,Matches
161,Edigar Junio\Edigar-Junio,br BRA,FW,Marinos,13.2,11,3,3,53,29,,54.7,4.01,2.20,0.15,0.28,Matches
162,Marcos Júnior\Marcos-Junior,br BRA,FW,Marinos,29.7,15,5,5,65,26,,40.0,2.19,0.88,0.15,0.38,Matches
163,Yoichiro Kakitani\Yoichiro-Kakitani,jp JPN,FWMF,Cerezo Osaka,17.9,3,0,0,21,9,,42.9,1.17,0.50,0.14,0.33,Matches
164,Shoma Kamata\Shoma-Kamata,jp JPN,DF,S-Pulse,1.5,0,0,0,1,0,,0.0,0.69,0.00,0.00,,Matches
165,Krzysztof Kamiński\Krzysztof-Kaminski,pl POL,GK,Júbilo Iwata,26.0,0,0,0,1,1,,100.0,0.04,0.04,0.00,0.00,Matches
166,Takashi Kanai\Takashi-Kanai,jp JPN,DF,Grampus,0.2,0,0,0,3,2,,66.7,13.50,9.00,0.00,0.00,Matches
167,Takashi Kanai\Takashi-Kanai,jp JPN,DF,Sagan Tosu,10.0,3,0,0,11,4,,36.4,1.10,0.40,0.27,0.75,Matches
168,Takeshi Kanamori\Takeshi-Kanamori,jp JPN,FW,Kashima Antlers,0.2,0,0,0,2,1,,50.0,8.57,4.29,0.00,0.00,Matches
169,Takeshi Kanamori\Takeshi-Kanamori,jp JPN,FW,Sagan Tosu,8.4,0,0,0,14,3,,21.4,1.67,0.36,0.00,0.00,Matches
170,Mu Kanazaki\Mu-Kanazaki,jp JPN,FWMF,Sagan Tosu,27.1,7,1,2,67,26,,38.8,2.47,0.96,0.09,0.23,Matches
171,Daiki Kaneko\Daiki-Kaneko,jp JPN,MF,Shonan Bellmare,17.0,2,0,0,22,4,,18.2,1.29,0.24,0.09,0.50,Matches
172,Shota Kaneko\Shota-Kaneko,jp JPN,MF,S-Pulse,26.6,1,0,0,36,5,,13.9,1.35,0.19,0.03,0.20,Matches
173,Takuro Kaneko\Takuro-Kaneko,jp JPN,MF,Consa Sapporo,0.8,0,0,0,1,0,,0.0,1.27,0.00,0.00,,Matches
174,Yoshifumi Kashiwa\Yoshifumi-Kashiwa,jp JPN,MF,Sanfrecce,33.8,8,0,0,36,16,,44.4,1.07,0.47,0.22,0.50,Matches
175,Yōsuke Kashiwagi\Yosuke-Kashiwagi,jp JPN,MF,Urawa Reds,13.7,1,0,0,11,3,,27.3,0.80,0.22,0.09,0.33,Matches
176,Eiichi Katayama\Eiichi-Katayama,jp JPN,FW,Cerezo Osaka,6.3,0,0,0,3,1,,33.3,0.47,0.16,0.00,0.00,Matches
177,Hayao Kawabe\Hayao-Kawabe,jp JPN,MF,Sanfrecce,33.0,3,0,0,49,8,,16.3,1.49,0.24,0.06,0.38,Matches
178,Yosuke Kawai\Yosuke-Kawai,jp JPN,MF,S-Pulse,21.4,2,0,0,13,4,,30.8,0.61,0.19,0.15,0.50,Matches
179,Kengo Kawamata\Kengo-Kawamata,jp JPN,FW,Júbilo Iwata,4.9,1,0,0,10,4,,40.0,2.02,0.81,0.10,0.25,Matches
180,Riyo Kawamoto\Riyo-Kawamoto,jp JPN,FW,S-Pulse,0.3,0,0,0,1,0,,0.0,3.75,0.00,0.00,,Matches
181,Takuya Kida\Takuya-Kida,jp JPN,MF,Marinos,32.9,0,0,0,16,0,,0.0,0.49,0.00,0.00,,Matches
182,Shunsuke Kikuchi\Shunsuke-Kikuchi,jp JPN,MF,Shonan Bellmare,12.0,3,0,0,19,7,,36.8,1.58,0.58,0.16,0.43,Matches
183,Yasuki Kimoto\Yasuki-Kimoto,jp JPN,MF,Cerezo Osaka,27.2,0,0,0,16,5,,31.3,0.59,0.18,0.00,0.00,Matches
184,Koya Kitagawa\Koya-Kitagawa,jp JPN,FW,S-Pulse,19.2,6,1,1,58,23,,39.7,3.02,1.20,0.09,0.22,Matches
185,Hiroshi Kiyotake\Hiroshi-Kiyotake,jp JPN,FWMF,Cerezo Osaka,24.6,1,0,0,23,3,,13.0,0.93,0.12,0.04,0.33,Matches
186,Takahiro Ko\Takahiro-Ko,jp JPN,MF,Gamba Osaka,3.6,0,0,0,2,0,,0.0,0.56,0.00,0.00,,Matches
187,Seigo Kobayashi\Seigo-Kobayashi,jp JPN,MF,Oita Trinita,3.1,2,0,0,8,5,,62.5,2.58,1.61,0.25,0.40,Matches
188,Shota Kobayashi\Shota-Kobayashi,jp JPN,DF,Shonan Bellmare,13.1,1,0,0,12,4,,33.3,0.91,0.30,0.08,0.25,Matches
189,Yu Kobayashi\Yu-Kobayashi,jp JPN,FW,Kawa Frontale,23.5,13,1,1,85,40,,47.1,3.61,1.70,0.14,0.30,Matches
190,Yuki Kobayashi\Yuki-Kobayashi,jp JPN,MF,Oita Trinita,10.5,0,0,0,0,0,,,0.00,0.00,,,Matches
191,Yuki Kobayashi\Yuki-Kobayashi,jp JPN,MF,Grampus,0.3,0,0,0,0,0,,,0.00,0.00,,,Matches
192,Yuzo Kobayashi\Yuzo-Kobayashi,jp JPN,DF,Sagan Tosu,14.6,0,0,0,3,0,,0.0,0.21,0.00,0.00,,Matches
193,Yuta Koike\Yuta-Koike,jp JPN,DF,Kashima Antlers,12.6,2,0,0,6,3,,50.0,0.48,0.24,0.33,0.67,Matches
194,Kei Koizumi\Kei-Koizumi,jp JPN,MF,Kashima Antlers,6.0,0,0,0,0,0,,,0.00,0.00,,,Matches
195,Yoshiaki Komai\Yoshiaki-Komai,jp JPN,DFMF,Consa Sapporo,0.4,0,0,0,2,0,,0.0,4.62,0.00,0.00,,Matches
196,Yasuyuki Konno\Yasuyuki-Konno,jp JPN,DFMF,Júbilo Iwata,4.0,1,0,0,4,1,,25.0,1.00,0.25,0.25,1.00,Matches
197,Yasuyuki Konno\Yasuyuki-Konno,jp JPN,DFMF,Gamba Osaka,6.7,0,0,0,3,1,,33.3,0.45,0.15,0.00,0.00,Matches
198,Shinzo Koroki\Shinzo-Koroki,jp JPN,FW,Urawa Reds,27.4,12,2,2,44,24,,54.5,1.60,0.87,0.23,0.42,Matches
199,Koki Kotegawa\Koki-Kotegawa,jp JPN,MF,Oita Trinita,1.3,0,0,0,0,0,,,0.00,0.00,,,Matches
200,Kazuki Kozuka\Kazuki-Kozuka,jp JPN,MF,Oita Trinita,28.7,1,0,0,23,7,,30.4,0.80,0.24,0.04,0.14,Matches
201,Takefusa Kubo\Takefusa-Kubo,jp JPN,MF,FC Tokyo,11.4,4,0,0,23,8,,34.8,2.02,0.70,0.17,0.50,Matches
202,Shu Kurata\Shu-Kurata,jp JPN,FWMF,Gamba Osaka,28.0,7,0,0,55,24,,43.6,1.96,0.86,0.13,0.29,Matches
203,Keisuke Kurokawa\Keisuke-Kurokawa,jp JPN,DF,Gamba Osaka,0.2,0,0,0,0,0,,,0.00,0.00,,,Matches
204,Shintaro Kurumaya\Shintaro-Kurumaya,jp JPN,DF,Kawa Frontale,23.6,0,0,0,12,3,,25.0,0.51,0.13,0.00,0.00,Matches
205,Kazuki Kushibiki\Kazuki-Kushibiki,jp JPN,DF,Grampus,0.5,0,0,0,0,0,,,0.00,0.00,,,Matches
206,Jumpei Kusukami\Jumpei-Kusukami,jp JPN,MF,S-Pulse,0.8,0,0,0,3,0,,0.0,3.80,0.00,0.00,,Matches
207,Mitchell Langerak\Mitchell-Langerak,au AUS,GK,Grampus,32.1,0,0,0,0,0,,,0.00,0.00,,,Matches
208,Leandro\Leandro,br BRA,FWMF,Kashima Antlers,15.1,2,1,1,42,14,,33.3,2.78,0.93,0.02,0.07,Matches
209,Tadanari Lee\Tadanari-Lee,jp JPN,FW,Marinos,1.3,1,0,0,4,1,,25.0,3.03,0.76,0.25,1.00,Matches
210,Leleu\Leleu,br BRA,MF,Shonan Bellmare,1.0,0,0,0,1,1,,100.0,0.98,0.98,0.00,0.00,Matches
211,Erik Lima\Erik-Lima,br BRA,FW,Marinos,12.0,8,1,1,38,15,,39.5,3.17,1.25,0.18,0.47,Matches
212,Anderson Lopes\Anderson-Lopes,br BRA,FW,Consa Sapporo,17.3,9,1,1,86,32,,37.2,4.97,1.85,0.09,0.25,Matches
213,Ramon Lopes\Ramon-Lopes,br BRA,MF,Vegalta Sendai,21.3,6,1,2,104,32,,30.8,4.88,1.50,0.05,0.16,Matches
214,Leandro Luis Desábato\Leandro-Luis-Desabato,ar ARG,MF,Cerezo Osaka,14.4,0,0,0,12,1,,8.3,0.83,0.07,0.00,0.00,Matches
215,Koki Machida\Koki-Machida,jp JPN,DF,Kashima Antlers,21.1,0,0,0,17,4,,23.5,0.81,0.19,0.00,0.00,Matches
216,Yamato Machida\Yamato-Machida,jp JPN,MF,Yamaga,6.2,0,0,0,21,8,,38.1,3.38,1.29,0.00,0.00,Matches
217,Daizen Maeda\Daizen-Maeda,jp JPN,FW,Yamaga,16.3,2,0,0,28,5,,17.9,1.72,0.31,0.07,0.40,Matches
218,Naoki Maeda\Naoki-Maeda,jp JPN,MF,Grampus,19.4,9,0,0,56,25,,44.6,2.89,1.29,0.16,0.36,Matches
219,Ryosuke Maeda\Ryosuke-Maeda,jp JPN,MF,Oita Trinita,17.9,0,0,0,6,0,,0.0,0.33,0.00,0.00,,Matches
220,Daiya Maekawa\Daiya-Maekawa,jp JPN,GK,Vissel Kobe,8.0,0,0,0,0,0,,,0.00,0.00,,,Matches
221,Maguinho\Maguinho,br BRA,DF,Kawa Frontale,5.6,2,0,0,7,2,,28.6,1.26,0.36,0.29,1.00,Matches
222,Tomoaki Makino\Tomoaki-Makino,jp JPN,DF,Urawa Reds,32.0,0,0,0,27,6,,22.2,0.84,0.19,0.00,0.00,Matches
223,Thiago Martins\Thiago-Martins,br BRA,DF,Marinos,32.0,0,0,0,13,3,,23.1,0.41,0.09,0.00,0.00,Matches
224,Quenten Martinus\Quenten-Martinus,cw CUW,MF,Urawa Reds,6.9,1,0,0,16,5,,31.3,2.30,0.72,0.06,0.20,Matches
225,Yusuke Maruhashi\Yusuke-Maruhashi,jp JPN,DFMF,Cerezo Osaka,30.6,2,0,0,20,7,,35.0,0.65,0.23,0.10,0.29,Matches
226,Takuya Marutani\Takuya-Marutani,jp JPN,FWMF,Oita Trinita,1.3,0,0,0,3,1,,33.3,2.27,0.76,0.00,0.00,Matches
227,Yuichi Maruyama\Yuichi-Maruyama,jp JPN,DF,Grampus,27.1,0,0,0,10,4,,40.0,0.37,0.15,0.00,0.00,Matches
228,Asahi Masuyama\Asahi-Masuyama,jp JPN,MF,Vissel Kobe,0.5,1,0,0,2,1,,50.0,3.83,1.91,0.50,1.00,Matches
229,Simão Mate Junior\Simao-Mate-Junior,mz MOZ,MF,Vegalta Sendai,22.1,3,0,0,15,3,,20.0,0.68,0.14,0.20,1.00,Matches
230,Mateus\Mateus,br BRA,MF,Marinos,8.1,1,0,0,25,6,,24.0,3.07,0.74,0.04,0.17,Matches
231,Mateus\Mateus,br BRA,MF,Grampus,4.4,3,0,0,14,7,,50.0,3.15,1.58,0.21,0.43,Matches
232,Ken Matsubara\Ken-Matsubara,jp JPN,DFMF,Marinos,12.7,1,0,0,13,4,,30.8,1.03,0.32,0.08,0.25,Matches
233,Ko Matsubara\Ko-Matsubara,jp JPN,DF,S-Pulse,34.0,2,0,0,19,7,,36.8,0.56,0.21,0.11,0.29,Matches
234,Riku Matsuda\Riku-Matsuda,jp JPN,DF,Cerezo Osaka,30.8,1,0,0,15,4,,26.7,0.49,0.13,0.07,0.25,Matches
235,Temma Matsuda\Temma-Matsuda,jp JPN,,Shonan Bellmare,27.5,3,0,0,34,11,,32.4,1.24,0.40,0.09,0.27,Matches
236,Hiroya Matsumoto\Hiroya-Matsumoto,jp JPN,MF,Sanfrecce,0.4,0,0,0,0,0,,,0.00,0.00,,,Matches
237,Masaya Matsumoto\Masaya-Matsumoto,jp JPN,FW,Júbilo Iwata,31.1,2,0,0,20,8,,40.0,0.64,0.26,0.10,0.25,Matches
238,Rei Matsumoto\Rei-Matsumoto,jp JPN,MF,Oita Trinita,33.6,0,0,0,9,0,,0.0,0.27,0.00,0.00,,Matches
239,Taishi Matsumoto\Taishi-Matsumoto,jp JPN,MF,Sanfrecce,12.1,0,0,0,9,1,,11.1,0.74,0.08,0.00,0.00,Matches
240,Daiki Matsuoka\Daiki-Matsuoka,jp JPN,MF,Sagan Tosu,18.7,0,0,0,8,1,,12.5,0.43,0.05,0.00,0.00,Matches
241,Yoshiki Matsushita\Yoshiki-Matsushita,jp JPN,MF,Vegalta Sendai,23.9,3,0,0,17,5,,29.4,0.71,0.21,0.18,0.60,Matches
242,Kazuaki Mawatari\Kazuaki-Mawatari,jp JPN,DF,Kawa Frontale,10.2,1,0,0,14,6,,42.9,1.37,0.59,0.07,0.17,Matches
243,Bruno Mendes\Bruno-Mendes,br BRA,FW,Cerezo Osaka,19.8,6,0,0,64,26,,40.6,3.23,1.31,0.09,0.23,Matches
244,Ryotaro Meshino\Ryotaro-Meshino,jp JPN,FW,Gamba Osaka,4.9,3,0,0,24,8,,33.3,4.90,1.63,0.13,0.38,Matches
245,Fabrício dos Santos Messias\Fabricio-dos-Santos-Messias,br BRA,MF,Urawa Reds,8.2,2,0,0,35,13,,37.1,4.25,1.58,0.06,0.15,Matches
246,Ryohei Michibuchi\Ryohei-Michibuchi,jp JPN,MF,Vegalta Sendai,20.3,5,0,0,35,12,,34.3,1.72,0.59,0.14,0.42,Matches
247,Masatoshi Mihara\Masatoshi-Mihara,jp JPN,MF,Vissel Kobe,3.4,0,0,0,2,0,,0.0,0.58,0.00,0.00,,Matches
248,Kim Min-tae\Kim-Min-tae,kr KOR,MF,Consa Sapporo,26.8,0,0,0,11,1,,9.1,0.41,0.04,0.00,0.00,Matches
249,Yusuke Minagawa\Yusuke-Minagawa,jp JPN,FW,Sanfrecce,1.0,0,0,0,3,1,,33.3,2.90,0.97,0.00,0.00,Matches
250,Kento Misao\Kento-Misao,jp JPN,MF,Kashima Antlers,21.5,0,0,0,17,7,,41.2,0.79,0.33,0.00,0.00,Matches
251,Yuto Misao\Yuto-Misao,jp JPN,DF,Oita Trinita,20.3,1,0,0,12,3,,25.0,0.59,0.15,0.08,0.33,Matches
252,Hirotaka Mita\Hirotaka-Mita,jp JPN,MF,FC Tokyo,8.0,2,0,0,20,8,,40.0,2.50,1.00,0.10,0.25,Matches
253,Hirotaka Mita\Hirotaka-Mita,jp JPN,MF,Vissel Kobe,11.9,1,0,0,15,9,,60.0,1.26,0.76,0.07,0.11,Matches
254,Kazushi Mitsuhira\Kazushi-Mitsuhira,jp JPN,FW,Oita Trinita,8.5,4,1,1,19,8,,42.1,2.24,0.94,0.16,0.38,Matches
255,Hiromu Mitsumaru\Hiromu-Mitsumaru,jp JPN,DF,Sagan Tosu,25.0,0,0,0,5,0,,0.0,0.20,0.00,0.00,,Matches
256,Genta Miura\Genta-Miura,jp JPN,DF,Gamba Osaka,30.6,1,0,0,18,8,,44.4,0.59,0.26,0.06,0.13,Matches
257,Daiki Miya\Daiki-Miya,jp JPN,DF,Vissel Kobe,10.9,0,0,0,3,0,,0.0,0.28,0.00,0.00,,Matches
258,Kazuya Miyahara\Kazuya-Miyahara,jp JPN,MF,Grampus,28.5,4,0,0,8,5,,62.5,0.28,0.18,0.50,0.80,Matches
259,Masaki Miyasaka\Masaki-Miyasaka,jp JPN,MF,Yamaga,17.3,1,0,0,18,6,,33.3,1.04,0.35,0.06,0.17,Matches
260,Tomohiko Miyazaki\Tomohiko-Miyazaki,jp JPN,DF,Júbilo Iwata,9.0,0,0,0,2,1,,50.0,0.22,0.11,0.00,0.00,Matches
261,Hiroki Miyazawa\Hiroki-Miyazawa,jp JPN,MF,Consa Sapporo,24.8,1,0,0,10,3,,30.0,0.40,0.12,0.10,0.33,Matches
262,Koji Miyoshi\Koji-Miyoshi,jp JPN,MF,Marinos,11.5,3,0,0,33,7,,21.2,2.87,0.61,0.09,0.43,Matches
263,Hiroki Mizumoto\Hiroki-Mizumoto,jp JPN,DF,Yamaga,13.0,1,0,0,2,1,,50.0,0.15,0.08,0.50,1.00,Matches
264,Kota Mizunuma\Kota-Mizunuma,jp JPN,FWMF,Cerezo Osaka,25.4,7,0,0,49,24,,49.0,1.93,0.94,0.14,0.29,Matches
265,Takuma Mizutani\Takuma-Mizutani,jp JPN,DF,S-Pulse,0.1,0,0,0,0,0,,,0.00,0.00,,,Matches
266,Masato Morishige\Masato-Morishige,jp JPN,DFMF,FC Tokyo,34.0,1,0,0,17,8,,47.1,0.50,0.24,0.06,0.13,Matches
267,Tsukasa Morishima\Tsukasa-Morishima,jp JPN,MF,Sanfrecce,20.8,3,0,0,24,6,,25.0,1.16,0.29,0.13,0.50,Matches
268,Shun Morishita\Shun-Morishita,jp JPN,DF,Júbilo Iwata,1.0,0,0,0,0,0,,,0.00,0.00,,,Matches
269,Hidemasa Morita\Hidemasa-Morita,jp JPN,DF,Kawa Frontale,20.1,0,0,0,14,3,,21.4,0.70,0.15,0.00,0.00,Matches
270,Tatsuya Morita\Tatsuya-Morita,jp JPN,GK,Yamaga,31.0,0,0,0,0,0,,,0.00,0.00,,,Matches
271,Ryota Moriwaki\Ryota-Moriwaki,jp JPN,DF,Urawa Reds,12.8,2,0,0,11,4,,36.4,0.86,0.31,0.18,0.50,Matches
272,Kentaro Moriya\Kentaro-Moriya,jp JPN,MF,Júbilo Iwata,6.1,0,0,0,7,3,,42.9,1.15,0.49,0.00,0.00,Matches
273,Tomohiko Murayama\Tomohiko-Murayama,jp JPN,GK,Yamaga,3.0,0,0,0,0,0,,,0.00,0.00,,,Matches
274,Sei Muroya\Sei-Muroya,jp JPN,DF,FC Tokyo,30.0,0,0,0,11,0,,0.0,0.37,0.00,0.00,,Matches
275,Fozil Musaev\Fozil-Musaev,uz UZB,DFMF,Júbilo Iwata,4.4,0,0,0,7,1,,14.3,1.58,0.23,0.00,0.00,Matches
276,Mitsunari Musaka\Mitsunari-Musaka,jp JPN,MF,S-Pulse,13.0,0,0,0,6,2,,33.3,0.46,0.15,0.00,0.00,Matches
277,Yuki Muto\Yuki-Muto,jp JPN,FWMF,Urawa Reds,19.1,1,0,0,41,12,,29.3,2.15,0.63,0.02,0.08,Matches
278,Andrew Nabbout\Andrew-Nabbout,au AUS,FWMF,Urawa Reds,3.5,1,0,0,11,5,,45.5,3.16,1.44,0.09,0.20,Matches
279,Kensuke Nagai\Kensuke-Nagai,jp JPN,FW,FC Tokyo,25.8,9,0,0,64,30,,46.9,2.48,1.16,0.14,0.30,Matches
280,Ryo Nagai\Ryo-Nagai,jp JPN,FW,Yamaga,18.7,3,0,0,46,18,,39.1,2.46,0.96,0.07,0.17,Matches
281,Ryota Nagaki\Ryota-Nagaki,jp JPN,MF,Kashima Antlers,26.9,0,0,0,14,4,,28.6,0.52,0.15,0.00,0.00,Matches
282,Kazuki Nagasawa\Kazuki-Nagasawa,jp JPN,MF,Urawa Reds,21.8,3,0,0,19,5,,26.3,0.87,0.23,0.16,0.60,Matches
283,Shun Nagasawa\Shun-Nagasawa,jp JPN,FW,Vegalta Sendai,21.7,7,0,0,46,22,,47.8,2.12,1.01,0.15,0.32,Matches
284,Katsuya Nagato\Katsuya-Nagato,jp JPN,DF,Vegalta Sendai,30.0,2,0,0,35,10,,28.6,1.17,0.33,0.06,0.20,Matches
285,Shintaro Nago\Shintaro-Nago,jp JPN,MF,Kashima Antlers,10.3,0,0,0,6,2,,33.3,0.58,0.19,0.00,0.00,Matches
286,Hirotsugu Nakabayashi\Hirotsugu-Nakabayashi,jp JPN,GK,Marinos,0.3,0,0,0,0,0,,,0.00,0.00,,,Matches
287,Hirotsugu Nakabayashi\Hirotsugu-Nakabayashi,jp JPN,GK,Sanfrecce,1.0,0,0,0,0,0,,,0.00,0.00,,,Matches
288,Hiroto Nakagawa\Hiroto-Nakagawa,jp JPN,MF,Shonan Bellmare,4.5,0,0,0,1,0,,0.0,0.22,0.00,0.00,,Matches
289,Kazaki Nakagawa\Kazaki-Nakagawa,jp JPN,MF,Marinos,0.0,0,0,0,2,0,,0.0,45.00,0.00,0.00,,Matches
290,Teruhito Nakagawa\Teruhito-Nakagawa,jp JPN,FW,Marinos,31.1,15,0,0,69,32,,46.4,2.22,1.03,0.22,0.47,Matches
291,Shogo Nakahara\Shogo-Nakahara,jp JPN,MF,Vegalta Sendai,0.1,0,0,0,0,0,,,0.00,0.00,,,Matches
292,Keiya Nakami\Keiya-Nakami,jp JPN,MF,Yamaga,9.5,0,0,0,15,2,,13.3,1.58,0.21,0.00,0.00,Matches
293,Atsutaka Nakamura\Atsutaka-Nakamura,jp JPN,FW,Kashima Antlers,2.0,1,0,0,1,1,,100.0,0.51,0.51,1.00,1.00,Matches
294,Keita Nakamura\Keita-Nakamura,fr FRA,MF,S-Pulse,13.8,1,0,0,26,10,,38.5,1.88,0.72,0.04,0.10,Matches
295,Keito Nakamura\Keito-Nakamura,jp JPN,FW,Gamba Osaka,5.5,0,0,0,8,1,,12.5,1.45,0.18,0.00,0.00,Matches
296,Kengo Nakamura\Kengo-Nakamura,jp JPN,MF,Kawa Frontale,15.9,2,0,0,20,5,,25.0,1.26,0.32,0.10,0.40,Matches
297,Shunsuke Nakamura\Shunsuke-Nakamura,jp JPN,MF,Júbilo Iwata,0.7,0,0,0,2,0,,0.0,2.77,0.00,0.00,,Matches
298,Seiya Nakano\Seiya-Nakano,jp JPN,,Júbilo Iwata,0.3,0,0,0,0,0,,,0.00,0.00,,,Matches
299,Yoshihiro Nakano\Yoshihiro-Nakano,jp JPN,MF,Consa Sapporo,6.0,0,0,0,7,1,,14.3,1.17,0.17,0.00,0.00,Matches
300,Yuya Nakasaka\Yuya-Nakasaka,jp JPN,MF,Vissel Kobe,0.1,0,0,0,0,0,,,0.00,0.00,,,Matches
301,Shinnosuke Nakatani\Shinnosuke-Nakatani,jp JPN,DF,Grampus,34.0,1,0,0,13,2,,15.4,0.38,0.06,0.08,0.50,Matches
302,Masato Nakayama\Masato-Nakayama,jp JPN,FW,Júbilo Iwata,7.1,2,1,1,13,4,,30.8,1.83,0.56,0.08,0.25,Matches
303,Tatsuki Nara\Tatsuki-Nara,jp JPN,DF,Kawa Frontale,8.7,0,0,0,4,1,,25.0,0.46,0.11,0.00,0.00,Matches
304,Shumpei Naruse\Shumpei-Naruse,jp JPN,MF,Grampus,0.5,0,0,0,0,0,,,0.00,0.00,,,Matches
305,Eduardo Neto\Eduardo-Neto,br BRA,DFMF,Grampus,12.8,0,0,0,15,3,,20.0,1.17,0.23,0.00,0.00,Matches
306,Daigo Nishi\Daigo-Nishi,jp JPN,DF,Vissel Kobe,26.8,0,0,0,12,4,,33.3,0.45,0.15,0.00,0.00,Matches
307,Yohei Nishibe\Yohei-Nishibe,jp JPN,GK,S-Pulse,13.0,0,0,0,0,0,,,0.00,0.00,,,Matches
308,Jun Nishikawa\Jun-Nishikawa,jp JPN,FW,Cerezo Osaka,0.1,0,0,0,1,1,,100.0,15.00,15.00,0.00,0.00,Matches
309,Shusaku Nishikawa\Shusaku-Nishikawa,jp JPN,GK,Urawa Reds,33.0,0,0,0,0,0,,,0.00,0.00,,,Matches
310,Kenta Nishizawa\Kenta-Nishizawa,jp JPN,MF,S-Pulse,18.3,7,0,0,36,17,,47.2,1.97,0.93,0.19,0.41,Matches
311,Kyohei Noborizato\Kyohei-Noborizato,jp JPN,MF,Kawa Frontale,23.5,0,0,0,10,1,,10.0,0.43,0.04,0.00,0.00,Matches
312,Ryunosuke Noda\Ryunosuke-Noda,jp JPN,FW,Shonan Bellmare,9.4,4,0,0,31,12,,38.7,3.31,1.28,0.13,0.33,Matches
313,Yuki Nogami\Yuki-Nogami,jp JPN,DF,Sanfrecce,33.0,1,0,0,13,5,,38.5,0.39,0.15,0.08,0.20,Matches
314,Gakuto Notsuda\Gakuto-Notsuda,jp JPN,MF,Sanfrecce,11.1,0,0,0,14,2,,14.3,1.26,0.18,0.00,0.00,Matches
315,Itsuki Oda\Itsuki-Oda,jp JPN,DF,Kashima Antlers,1.2,0,0,0,0,0,,,0.00,0.00,,,Matches
316,Daiki Ogawa\Daiki-Ogawa,jp JPN,DF,Júbilo Iwata,28.0,0,0,0,10,2,,20.0,0.36,0.07,0.00,0.00,Matches
317,Keijiro Ogawa\Keijiro-Ogawa,jp JPN,FWMF,Vissel Kobe,12.5,5,0,0,27,11,,40.7,2.16,0.88,0.19,0.45,Matches
318,Koki Ogawa\Koki-Ogawa,jp JPN,FW,Júbilo Iwata,0.6,0,0,0,2,0,,0.0,3.46,0.00,0.00,,Matches
319,Ryoya Ogawa\Ryoya-Ogawa,jp JPN,DF,FC Tokyo,22.0,1,0,0,15,3,,20.0,0.68,0.14,0.07,0.33,Matches
320,Takahiro Ogihara\Takahiro-Ogihara,jp JPN,MF,Marinos,17.0,1,0,0,21,5,,23.8,1.23,0.29,0.05,0.20,Matches
321,Takuya Ogiwara\Takuya-Ogiwara,jp JPN,DF,Urawa Reds,2.1,0,0,0,8,2,,25.0,3.79,0.95,0.00,0.00,Matches
322,Yuki Ohashi\Yuki-Ohashi,jp JPN,FW,Shonan Bellmare,1.6,1,0,0,6,2,,33.3,3.65,1.22,0.17,0.50,Matches
323,Kentaro Oi\Kentaro-Oi,jp JPN,DF,Júbilo Iwata,17.5,1,0,0,7,3,,42.9,0.40,0.17,0.14,0.33,Matches
324,Kazuki Oiwa\Kazuki-Oiwa,jp JPN,DF,Vegalta Sendai,11.0,1,0,0,3,2,,66.7,0.27,0.18,0.33,0.50,Matches
325,Takuya Okamoto\Takuya-Okamoto,jp JPN,DF,Shonan Bellmare,17.8,0,0,0,16,3,,18.8,0.90,0.17,0.00,0.00,Matches
326,Jun Okano\Jun-Okano,jp JPN,DF,Oita Trinita,2.9,0,0,0,0,0,,,0.00,0.00,,,Matches
327,Makoto Okazaki\Makoto-Okazaki,jp JPN,DF,FC Tokyo,3.0,0,0,0,0,0,,,0.00,0.00,,,Matches
328,Takuo Ōkubo\Takuo-Okubo,jp JPN,GK,S-Pulse,11.0,0,0,0,0,0,,,0.00,0.00,,,Matches
329,Takuo Ōkubo\Takuo-Okubo,jp JPN,GK,Sagan Tosu,10.0,0,0,0,0,0,,,0.00,0.00,,,Matches
330,Yoshito Ōkubo\Yoshito-Okubo,jp JPN,FW,Júbilo Iwata,10.6,1,0,0,28,9,,32.1,2.64,0.85,0.04,0.11,Matches
331,Hiroaki Okuno\Hiroaki-Okuno,jp JPN,MF,Cerezo Osaka,27.3,7,0,0,37,18,,48.6,1.35,0.66,0.19,0.39,Matches
332,Diego Oliveira\Diego-Oliveira,br BRA,FW,FC Tokyo,31.3,14,4,5,83,35,,42.2,2.65,1.12,0.12,0.29,Matches
333,Takuma Ominami\Takuma-Ominami,jp JPN,DF,Júbilo Iwata,18.1,0,0,0,10,1,,10.0,0.55,0.06,0.00,0.00,Matches
334,Kotaro Omori\Kotaro-Omori,jp JPN,MF,FC Tokyo,11.2,1,0,0,6,1,,16.7,0.54,0.09,0.17,1.00,Matches
335,Ado Onaiwu\Ado-Onaiwu,jp JPN,FW,Oita Trinita,25.5,10,0,0,46,27,,58.7,1.80,1.06,0.22,0.37,Matches
336,Kazunari Ono\Kazunari-Ono,jp JPN,DF,Shonan Bellmare,20.8,1,0,0,14,5,,35.7,0.67,0.24,0.07,0.20,Matches
337,Yuji Ono\Yuji-Ono,jp JPN,FWMF,Sagan Tosu,10.7,0,0,0,14,2,,14.3,1.30,0.19,0.00,0.00,Matches
338,Masahito Onoda\Masahito-Onoda,jp JPN,DF,Shonan Bellmare,8.2,1,0,0,7,2,,28.6,0.85,0.24,0.14,0.50,Matches
339,Kosuke Onose\Kosuke-Onose,jp JPN,MF,Gamba Osaka,27.0,7,0,0,34,17,,50.0,1.26,0.63,0.21,0.41,Matches
340,Leo Osaki\Leo-Osaki,us USA,MF,Vissel Kobe,28.9,1,0,0,14,4,,28.6,0.48,0.14,0.07,0.25,Matches
341,Keisuke Ōsako\Keisuke-Osako,jp JPN,GK,Sanfrecce,29.0,0,0,0,0,0,,,0.00,0.00,,,Matches
342,Ryota Oshima\Ryota-Oshima,jp JPN,MF,Kawa Frontale,17.0,2,0,0,19,4,,21.1,1.12,0.24,0.11,0.50,Matches
343,Kosuke Ota\Kosuke-Ota,jp JPN,DF,Grampus,9.5,0,0,0,4,2,,50.0,0.42,0.21,0.00,0.00,Matches
344,Kosuke Ota\Kosuke-Ota,jp JPN,DF,FC Tokyo,3.0,0,0,0,1,1,,100.0,0.33,0.33,0.00,0.00,Matches
345,Yūki Ōtsu\Yuki-Otsu,jp JPN,FWMF,Marinos,5.1,0,0,0,6,2,,33.3,1.18,0.39,0.00,0.00,Matches
346,Joan Oumari\Joan-Oumari,lb LIB,DF,Vissel Kobe,3.8,1,0,0,1,1,,100.0,0.27,0.27,1.00,1.00,Matches
347,Patric\Patric,br BRA,FW,Sanfrecce,5.0,3,0,0,27,10,,37.0,5.41,2.00,0.11,0.30,Matches
348,Patric\Patric,br BRA,FW,Gamba Osaka,5.0,2,1,1,15,6,,40.0,3.01,1.20,0.07,0.17,Matches
349,Paulinho\Paulinho,br BRA,MF,Yamaga,22.3,1,0,0,35,11,,31.4,1.57,0.49,0.03,0.09,Matches
350,Leandro Pereira\Leandro-Pereira,br BRA,FW,Yamaga,9.0,2,1,1,19,6,,31.6,2.12,0.67,0.05,0.17,Matches
351,Leandro Pereira\Leandro-Pereira,br BRA,FW,Sanfrecce,4.3,4,0,0,24,8,,33.3,5.57,1.86,0.17,0.50,Matches
352,Lukas Podolski\Lukas-Podolski,de GER,FWMF,Vissel Kobe,10.3,5,0,0,27,12,,44.4,2.63,1.17,0.19,0.42,Matches
353,Thitipan Puangchan\Thitipan-Puangchan,th THA,MF,Oita Trinita,11.4,0,0,0,8,2,,25.0,0.70,0.18,0.00,0.00,Matches
354,Renato\Renato,br BRA,MF,S-Pulse,18.5,2,0,0,19,6,,31.6,1.03,0.32,0.11,0.33,Matches
355,Rhayner\Rhayner,br BRA,FWMF,Sanfrecce,18.4,2,0,0,27,8,,29.6,1.47,0.43,0.07,0.25,Matches
356,Gerson Rodrigues\Gerson-Rodrigues,lu LUX,MF,Júbilo Iwata,10.3,5,0,1,50,19,,38.0,4.85,1.84,0.10,0.26,Matches
357,Yuji Rokutan\Yuji-Rokutan,jp JPN,GK,S-Pulse,10.0,0,0,0,0,0,,,0.00,0.00,,,Matches
358,Manabu Saitō\Manabu-Saito,jp JPN,FWMF,Kawa Frontale,9.2,2,0,0,21,9,,42.9,2.27,0.97,0.10,0.22,Matches
359,Mitsuki Saito\Mitsuki-Saito,jp JPN,MF,Shonan Bellmare,23.8,1,0,0,23,5,,21.7,0.97,0.21,0.04,0.20,Matches
360,Keisuke Saka\Keisuke-Saka,jp JPN,DF,Shonan Bellmare,19.6,1,0,0,9,2,,22.2,0.46,0.10,0.11,0.50,Matches
361,Gōtoku Sakai\Gotoku-Sakai,jp JPN,DF,Vissel Kobe,11.9,0,0,0,6,2,,33.3,0.51,0.17,0.00,0.00,Matches
362,Toyofumi Sakano\Toyofumi-Sakano,jp JPN,FW,Yamaga,7.4,2,0,0,12,6,,50.0,1.62,0.81,0.17,0.33,Matches
363,Nagisa Sakurauchi\Nagisa-Sakurauchi,jp JPN,DF,Júbilo Iwata,1.6,0,0,0,0,0,,,0.00,0.00,,,Matches
364,Emil Salomonsson\Emil-Salomonsson,se SWE,DFMF,Sanfrecce,12.1,2,0,0,17,6,,35.3,1.41,0.50,0.12,0.33,Matches
365,Sergi Samper\Sergi-Samper,es ESP,MF,Vissel Kobe,18.0,0,0,0,1,0,,0.0,0.06,0.00,0.00,,Matches
366,Na Sang-ho\Na-Sang-ho,kr KOR,FW,FC Tokyo,7.5,2,0,0,13,6,,46.2,1.73,0.80,0.15,0.33,Matches
367,Sho Sasaki\Sho-Sasaki,jp JPN,DF,Sanfrecce,30.4,1,0,0,15,4,,26.7,0.49,0.13,0.07,0.25,Matches
368,Daniel Schmidt\Daniel-Schmidt,jp JPN,GK,Vegalta Sendai,19.0,0,0,0,0,0,,,0.00,0.00,,,Matches
369,João Schmidt\Joao-Schmidt,br BRA,MF,Grampus,30.2,2,0,0,45,7,,15.6,1.49,0.23,0.04,0.29,Matches
370,Kunimitsu Sekiguchi\Kunimitsu-Sekiguchi,jp JPN,MF,Vegalta Sendai,16.5,4,0,0,14,6,,42.9,0.85,0.36,0.29,0.67,Matches
371,Takahiro Sekine\Takahiro-Sekine,jp JPN,MF,Urawa Reds,11.6,1,0,0,14,5,,35.7,1.21,0.43,0.07,0.20,Matches
372,Ayumu Seko\Ayumu-Seko,jp JPN,DF,Cerezo Osaka,12.1,1,0,0,5,1,,20.0,0.41,0.08,0.20,1.00,Matches
373,Hwang Seok-ho\Hwang-Seok-ho,kr KOR,DF,S-Pulse,25.0,0,0,0,6,2,,33.3,0.24,0.08,0.00,0.00,Matches
374,Serginho\Serginho,br BRA,MF,Yamaga,12.8,2,0,0,22,10,,45.5,1.71,0.78,0.09,0.20,Matches
375,Serginho\Serginho,br BRA,MF,Kashima Antlers,26.4,12,2,2,71,30,,42.3,2.69,1.14,0.14,0.33,Matches
376,Kim Seung-gyu\Kim-Seung-gyu,kr KOR,GK,Vissel Kobe,12.0,0,0,0,0,0,,,0.00,0.00,,,Matches
377,Jung Seung-hyun\Jung-Seung-hyun,kr KOR,DF,Kashima Antlers,12.1,0,0,0,6,1,,16.7,0.50,0.08,0.00,0.00,Matches
378,Kosei Shibasaki\Kosei-Shibasaki,jp JPN,MF,Sanfrecce,16.4,1,0,0,25,11,,44.0,1.52,0.67,0.04,0.09,Matches
379,Sohsuke Shibata\Sohsuke-Shibata,jp JPN,MF,Shonan Bellmare,0.1,0,0,0,0,0,,,0.00,0.00,,,Matches
380,Kai Shibato\Kai-Shibato,jp JPN,MF,Urawa Reds,12.0,0,0,0,15,2,,13.3,1.25,0.17,0.00,0.00,Matches
381,Keiya Shiihashi\Keiya-Shiihashi,jp JPN,DF,Vegalta Sendai,8.1,0,0,0,3,0,,0.0,0.37,0.00,0.00,,Matches
382,Shintaro Shimada\Shintaro-Shimada,jp JPN,MF,Oita Trinita,3.1,0,0,0,4,0,,0.0,1.28,0.00,0.00,,Matches
383,Toshio Shimakawa\Toshio-Shimakawa,jp JPN,DF,Oita Trinita,15.8,0,0,0,6,1,,16.7,0.38,0.06,0.00,0.00,Matches
384,Yatsunori Shimaya\Yatsunori-Shimaya,jp JPN,FW,Sagan Tosu,0.2,0,0,0,1,1,,100.0,4.09,4.09,0.00,0.00,Matches
385,Kohei Shimizu\Kohei-Shimizu,jp JPN,FW,Sanfrecce,3.4,0,0,0,3,1,,33.3,0.87,0.29,0.00,0.00,Matches
386,Hokuto Shimoda\Hokuto-Shimoda,jp JPN,MF,Kawa Frontale,10.8,0,0,0,8,2,,25.0,0.74,0.18,0.00,0.00,Matches
387,Ryosuke Shindo\Ryosuke-Shindo,jp JPN,DF,Consa Sapporo,33.0,6,0,0,26,15,,57.7,0.79,0.45,0.23,0.40,Matches
388,Ryo Shinzato\Ryo-Shinzato,jp JPN,DF,Júbilo Iwata,20.0,0,0,0,2,1,,50.0,0.10,0.05,0.00,0.00,Matches
389,Kosuke Shirai\Kosuke-Shirai,jp JPN,MF,Consa Sapporo,14.4,1,0,0,12,3,,25.0,0.84,0.21,0.08,0.33,Matches
390,Ryōhei Shirasaki\Ryohei-Shirasaki,jp JPN,FW,Kashima Antlers,22.1,5,0,0,22,9,,40.9,1.00,0.41,0.23,0.56,Matches
391,Honoya Shoji\Honoya-Shoji,jp JPN,DF,Oita Trinita,3.7,0,0,0,0,0,,,0.00,0.00,,,Matches
392,Léo Silva\Leo-Silva,br BRA,MF,Kashima Antlers,23.3,4,0,0,35,9,,25.7,1.50,0.39,0.11,0.44,Matches
393,Hitoshi Sogahata\Hitoshi-Sogahata,jp JPN,GK,Kashima Antlers,3.0,0,0,0,0,0,,,0.00,0.00,,,Matches
394,Yuki Soma\Yuki-Soma,jp JPN,MF,Grampus,4.2,1,0,0,10,4,,40.0,2.36,0.94,0.10,0.25,Matches
395,Yuki Soma\Yuki-Soma,jp JPN,MF,Kashima Antlers,0.8,1,0,0,2,1,,50.0,2.65,1.32,0.50,1.00,Matches
396,Chanathip Songkrasin\Chanathip-Songkrasin,th THA,FWMF,Consa Sapporo,27.0,4,0,0,45,17,,37.8,1.67,0.63,0.09,0.24,Matches
397,Souza\Souza,br BRA,DFMF,Cerezo Osaka,16.7,3,0,0,56,19,,33.9,3.35,1.14,0.05,0.16,Matches
398,Daiki Suga\Daiki-Suga,jp JPN,FW,Consa Sapporo,26.6,0,0,0,28,6,,21.4,1.05,0.23,0.00,0.00,Matches
399,Shunya Suganuma\Shunya-Suganuma,jp JPN,DF,Gamba Osaka,13.9,0,0,0,9,5,,55.6,0.65,0.36,0.00,0.00,Matches
400,Takanori Sugeno\Takanori-Sugeno,jp JPN,GK,Consa Sapporo,1.0,0,0,0,0,0,,,0.00,0.00,,,Matches
401,Koki Sugimori\Koki-Sugimori,jp JPN,FW,Grampus,0.5,0,0,0,2,1,,50.0,4.19,2.09,0.00,0.00,Matches
402,Daichi Sugimoto\Daichi-Sugimoto,jp JPN,GK,Marinos,4.0,0,0,0,0,0,,,0.00,0.00,,,Matches
403,Kenyu Sugimoto\Kenyu-Sugimoto,jp JPN,FW,Urawa Reds,7.8,2,2,2,18,7,,38.9,2.30,0.90,0.00,0.00,Matches
404,Taro Sugimoto\Taro-Sugimoto,jp JPN,MF,Yamaga,18.6,2,0,0,28,12,,42.9,1.50,0.64,0.07,0.17,Matches
405,Daiki Sugioka\Daiki-Sugioka,jp JPN,DF,Shonan Bellmare,26.7,2,0,0,31,5,,16.1,1.16,0.19,0.06,0.40,Matches
406,Kwoun Sun-tae\Kwoun-Sun-tae,kr KOR,GK,Kashima Antlers,31.0,0,0,0,0,0,,,0.00,0.00,,,Matches
407,Jung Sung-ryong\Jung-Sung-ryong,kr KOR,GK,Kawa Frontale,27.0,0,0,0,0,0,,,0.00,0.00,,,Matches
408,Gu Sung-yun\Gu-Sung-yun,kr KOR,GK,Consa Sapporo,33.0,0,0,0,0,0,,,0.00,0.00,,,Matches
409,Markel Susaeta\Markel-Susaeta,es ESP,MF,Gamba Osaka,1.7,0,0,0,4,2,,50.0,2.40,1.20,0.00,0.00,Matches
410,Daisuke Suzuki\Daisuke-Suzuki,jp JPN,DF,Urawa Reds,12.8,0,0,0,5,1,,20.0,0.39,0.08,0.00,0.00,Matches
411,Koji Suzuki\Koji-Suzuki,jp JPN,FW,Cerezo Osaka,4.5,1,0,0,11,5,,45.5,2.45,1.11,0.09,0.20,Matches
412,Kunitomo Suzuki\Kunitomo-Suzuki,jp JPN,FW,Shonan Bellmare,0.6,0,0,0,1,0,,0.0,1.67,0.00,0.00,,Matches
413,Musashi Suzuki\Musashi-Suzuki,jp JPN,FW,Consa Sapporo,31.9,13,2,2,100,39,,39.0,3.13,1.22,0.11,0.28,Matches
414,Toichi Suzuki\Toichi-Suzuki,jp JPN,MF,Shonan Bellmare,15.6,0,0,0,27,5,,18.5,1.73,0.32,0.00,0.00,Matches
415,Yoshinori Suzuki\Yoshinori-Suzuki,jp JPN,DF,Oita Trinita,34.0,0,0,0,11,3,,27.3,0.32,0.09,0.00,0.00,Matches
416,Yuto Suzuki\Yuto-Suzuki,jp JPN,MF,Gamba Osaka,1.2,0,0,0,1,0,,0.0,0.83,0.00,0.00,,Matches
417,Yuto Suzuki\Yuto-Suzuki,jp JPN,MF,Kawa Frontale,3.5,0,0,0,3,2,,66.7,0.86,0.57,0.00,0.00,Matches
418,Jakub Słowik\Jakub-Slowik,pl POL,GK,Vegalta Sendai,15.0,0,0,0,0,0,,,0.00,0.00,,,Matches
419,Jong Tae-se\Jong-Tae-se,kp PRK,FW,S-Pulse,4.7,2,0,0,19,8,,42.1,4.08,1.72,0.11,0.25,Matches
420,Kyosuke Tagawa\Kyosuke-Tagawa,jp JPN,MF,FC Tokyo,2.7,1,0,0,10,4,,40.0,3.67,1.47,0.10,0.25,Matches
421,Taishi Taguchi\Taishi-Taguchi,jp JPN,DFMF,Júbilo Iwata,18.7,0,0,0,37,7,,18.9,1.97,0.37,0.00,0.00,Matches
422,Leo Takae\Leo-Takae,jp JPN,MF,Gamba Osaka,7.0,0,0,0,5,2,,40.0,0.71,0.29,0.00,0.00,Matches
423,Daisuke Takagi\Daisuke-Takagi,jp JPN,FW,Gamba Osaka,0.1,0,0,0,0,0,,,0.00,0.00,,,Matches
424,Shun Takagi\Shun-Takagi,jp JPN,GK,Oita Trinita,34.0,0,0,0,0,0,,,0.00,0.00,,,Matches
425,Toshiya Takagi\Toshiya-Takagi,jp JPN,MF,Yamaga,0.0,0,0,0,0,0,,,0.00,0.00,,,Matches
426,Toshiyuki Takagi\Toshiyuki-Takagi,jp JPN,FWMF,Cerezo Osaka,4.5,2,0,0,18,7,,38.9,3.99,1.55,0.11,0.29,Matches
427,Yojiro Takahagi\Yojiro-Takahagi,jp JPN,MF,FC Tokyo,31.1,2,0,0,28,6,,21.4,0.90,0.19,0.07,0.33,Matches
428,Hideto Takahashi\Hideto-Takahashi,jp JPN,DFMF,Sagan Tosu,31.6,1,0,0,17,5,,29.4,0.54,0.16,0.06,0.20,Matches
429,Ryo Takahashi\Ryo-Takahashi,jp JPN,DF,Yamaga,31.9,1,0,0,22,3,,13.6,0.69,0.09,0.05,0.33,Matches
430,Shohei Takahashi\Shohei-Takahashi,jp JPN,DF,Júbilo Iwata,20.0,0,0,0,7,2,,28.6,0.35,0.10,0.00,0.00,Matches
431,Yoshiki Takahashi\Yoshiki-Takahashi,jp JPN,MF,Sagan Tosu,11.1,0,0,0,12,2,,16.7,1.08,0.18,0.00,0.00,Matches
432,Yuji Takahashi\Yuji-Takahashi,jp JPN,DF,Sagan Tosu,28.3,0,0,0,14,3,,21.4,0.49,0.11,0.00,0.00,Matches
433,Keita Takahata\Keita-Takahata,jp JPN,MF,Oita Trinita,3.3,0,0,0,3,0,,0.0,0.91,0.00,0.00,,Matches
434,Ryo Takano\Ryo-Takano,jp JPN,DF,Marinos,3.3,0,0,0,5,0,,0.0,1.52,0.00,0.00,,Matches
435,Ryu Takao\Ryu-Takao,jp JPN,DF,Gamba Osaka,18.0,0,0,0,4,0,,0.0,0.22,0.00,0.00,,Matches
436,Yohei Takaoka\Yohei-Takaoka,jp JPN,GK,Sagan Tosu,24.0,0,0,0,0,0,,,0.00,0.00,,,Matches
437,Hiroyuki Takasaki\Hiroyuki-Takasaki,jp JPN,FW,Yamaga,4.7,0,0,0,10,6,,60.0,2.12,1.27,0.00,0.00,Matches
438,Kaoru Takayama\Kaoru-Takayama,jp JPN,FW,Oita Trinita,12.9,0,0,0,6,0,,0.0,0.46,0.00,0.00,,Matches
439,Yohei Takeda\Yohei-Takeda,jp JPN,GK,Grampus,1.9,0,0,0,0,0,,,0.00,0.00,,,Matches
440,Kosuke Taketomi\Kosuke-Taketomi,jp JPN,MF,Shonan Bellmare,15.6,5,0,0,34,13,,38.2,2.18,0.84,0.15,0.38,Matches
441,Ryo Takeuchi\Ryo-Takeuchi,jp JPN,MF,S-Pulse,28.4,0,0,0,13,3,,23.1,0.46,0.11,0.00,0.00,Matches
442,Yuta Taki\Yuta-Taki,jp JPN,MF,S-Pulse,2.3,2,0,0,6,2,,33.3,2.56,0.85,0.33,1.00,Matches
443,Ao Tanaka\Ao-Tanaka,jp JPN,MF,Kawa Frontale,21.9,0,0,0,22,7,,31.8,1.01,0.32,0.00,0.00,Matches
444,Atomu Tanaka\Atomu-Tanaka,jp JPN,MF,Cerezo Osaka,2.4,2,0,0,12,7,,58.3,5.00,2.92,0.17,0.29,Matches
445,Hayuma Tanaka\Hayuma-Tanaka,jp JPN,DFMF,Yamaga,25.1,0,0,0,13,1,,7.7,0.52,0.04,0.00,0.00,Matches
446,Junya Tanaka\Junya-Tanaka,jp JPN,FWMF,Vissel Kobe,9.5,6,0,0,30,10,,33.3,3.16,1.05,0.20,0.60,Matches
447,Tatsuya Tanaka\Tatsuya-Tanaka,jp JPN,FW,Oita Trinita,14.7,1,0,0,18,8,,44.4,1.22,0.54,0.06,0.13,Matches
448,Tatsuya Tanaka\Tatsuya-Tanaka,jp JPN,FW,Gamba Osaka,3.0,0,0,0,1,0,,0.0,0.33,0.00,0.00,,Matches
449,Wataru Tanaka\Wataru-Tanaka,jp JPN,MF,Vegalta Sendai,0.6,0,0,0,0,0,,,0.00,0.00,,,Matches
450,Hiroyuki Taniguchi\Hiroyuki-Taniguchi,jp JPN,MF,Sagan Tosu,0.5,0,0,0,0,0,,,0.00,0.00,,,Matches
451,Shogo Taniguchi\Shogo-Taniguchi,jp JPN,MF,Kawa Frontale,29.9,0,0,0,13,1,,7.7,0.44,0.03,0.00,0.00,Matches
452,Yugo Tatsuta\Yugo-Tatsuta,jp JPN,DF,S-Pulse,19.3,0,0,0,4,2,,50.0,0.21,0.10,0.00,0.00,Matches
453,Ömer-Berke Tokaç\Omer-Berke-Tokac,de GER,FW,Shonan Bellmare,0.3,0,0,0,1,0,,0.0,3.91,0.00,0.00,,Matches
454,Masato Tokida\Masato-Tokida,jp JPN,DF,Vegalta Sendai,8.0,0,0,0,8,2,,25.0,1.00,0.25,0.00,0.00,Matches
455,Ken Tokura\Ken-Tokura,jp JPN,FW,Cerezo Osaka,8.1,1,0,0,22,3,,13.6,2.70,0.37,0.05,0.33,Matches
456,Takefumi Toma\Takefumi-Toma,jp JPN,DF,Yamaga,4.5,1,0,0,2,1,,50.0,0.44,0.22,0.50,1.00,Matches
457,Daiki Tomii\Daiki-Tomii,jp JPN,GK,Shonan Bellmare,4.0,0,0,0,0,0,,,0.00,0.00,,,Matches
458,Shingo Tomita\Shingo-Tomita,jp JPN,MF,Vegalta Sendai,25.2,0,0,0,11,3,,27.3,0.44,0.12,0.00,0.00,Matches
459,Ryosuke Tone\Ryosuke-Tone,jp JPN,DF,Oita Trinita,0.5,0,0,0,0,0,,,0.00,0.00,,,Matches
460,Fernando Torres\Fernando-Torres,es ESP,FW,Sagan Tosu,11.0,2,0,0,25,10,,40.0,2.28,0.91,0.08,0.20,Matches
461,Yohei Toyoda\Yohei-Toyoda,jp JPN,FW,Sagan Tosu,13.6,4,1,1,28,9,,32.1,2.07,0.66,0.11,0.33,Matches
462,Koki Tsukagawa\Koki-Tsukagawa,jp JPN,,Yamaga,0.4,0,0,0,3,1,,33.3,8.18,2.73,0.00,0.00,Matches
463,Atsuto Uchida\Atsuto-Uchida,jp JPN,DF,Kashima Antlers,7.3,0,0,0,5,0,,0.0,0.69,0.00,0.00,,Matches
464,Takuya Uchida\Takuya-Uchida,jp JPN,MF,FC Tokyo,0.1,0,0,0,0,0,,,0.00,0.00,,,Matches
465,Ayase Ueda\Ayase-Ueda,jp JPN,FW,Kashima Antlers,4.4,4,1,1,15,7,,46.7,3.39,1.58,0.20,0.43,Matches
466,Rikiya Uehara\Rikiya-Uehara,jp JPN,MF,Júbilo Iwata,18.7,2,0,0,17,5,,29.4,0.91,0.27,0.12,0.40,Matches
467,Tomoya Ugajin\Tomoya-Ugajin,jp JPN,DFMF,Urawa Reds,16.1,1,0,0,21,3,,14.3,1.31,0.19,0.05,0.33,Matches
468,Hwang Ui-jo\Hwang-Ui-jo,kr KOR,FW,Gamba Osaka,17.9,4,0,0,54,20,,37.0,3.01,1.12,0.07,0.20,Matches
469,Tsukasa Umesaki\Tsukasa-Umesaki,jp JPN,MF,Shonan Bellmare,14.3,2,1,1,32,9,,28.1,2.24,0.63,0.03,0.11,Matches
470,Nobuhisa Urata\Nobuhisa-Urata,jp JPN,DF,Yamaga,0.5,0,0,0,1,0,,0.0,2.00,0.00,0.00,,Matches
471,Takashi Usami\Takashi-Usami,jp JPN,FWMF,Gamba Osaka,13.2,7,0,0,50,20,,40.0,3.78,1.51,0.14,0.35,Matches
472,Thomas Vermaelen\Thomas-Vermaelen,be BEL,DF,Vissel Kobe,7.8,0,0,0,9,1,,11.1,1.15,0.13,0.00,0.00,Matches
473,Douglas Vieira\Douglas-Vieira,br BRA,FW,Sanfrecce,21.1,7,1,2,49,16,,32.7,2.33,0.76,0.12,0.38,Matches
474,David Villa\David-Villa,es ESP,FWMF,Vissel Kobe,23.7,13,4,4,100,39,,39.0,4.23,1.65,0.09,0.23,Matches
475,Takuya Wada\Takuya-Wada,jp JPN,MF,Marinos,9.5,0,0,0,6,0,,0.0,0.63,0.00,0.00,,Matches
476,Yamato Wakatsuki\Yamato-Wakatsuki,jp JPN,FW,Shonan Bellmare,0.1,0,0,0,0,0,,,0.00,0.00,,,Matches
477,Yasuto Wakizaka\Yasuto-Wakizaka,jp JPN,MF,Kawa Frontale,10.3,5,0,0,28,15,,53.6,2.73,1.46,0.18,0.33,Matches
478,Wanderson\Wanderson,br BRA,DF,S-Pulse,2.0,0,0,0,1,1,,100.0,0.50,0.50,0.00,0.00,Matches
479,Hirofumi Watanabe\Hirofumi-Watanabe,jp JPN,DF,Vissel Kobe,3.3,0,0,0,2,2,,100.0,0.61,0.61,0.00,0.00,Matches
480,Kazuma Watanabe\Kazuma-Watanabe,jp JPN,FW,Gamba Osaka,3.7,3,0,0,14,6,,42.9,3.81,1.63,0.21,0.50,Matches
481,Kota Watanabe\Kota-Watanabe,jp JPN,MF,Marinos,2.8,0,0,0,6,1,,16.7,2.11,0.35,0.00,0.00,Matches
482,Tsuyoshi Watanabe\Tsuyoshi-Watanabe,jp JPN,DF,FC Tokyo,19.2,2,0,0,10,4,,40.0,0.52,0.21,0.20,0.50,Matches
483,Daiki Watari\Daiki-Watari,jp JPN,FW,Sanfrecce,10.0,3,0,0,20,7,,35.0,1.99,0.70,0.15,0.43,Matches
484,Wellington\Wellington,br BRA,FW,Vissel Kobe,13.4,6,0,0,45,18,,40.0,3.37,1.35,0.13,0.33,Matches
485,Gabriel Xavier\Gabriel-Xavier,br BRA,MF,Grampus,26.5,3,0,0,47,13,,27.7,1.78,0.49,0.06,0.23,Matches
486,Kiichi Yajima\Kiichi-Yajima,jp JPN,FW,FC Tokyo,1.7,0,0,0,6,4,,66.7,3.60,2.40,0.00,0.00,Matches
487,Shinya Yajima\Shinya-Yajima,jp JPN,MF,Gamba Osaka,20.2,1,0,0,30,6,,20.0,1.48,0.30,0.03,0.17,Matches
488,Hiroki Yamada\Hiroki-Yamada,jp JPN,FWMF,Júbilo Iwata,21.4,1,0,0,35,8,,22.9,1.63,0.37,0.03,0.13,Matches
489,Hiroto Yamada\Hiroto-Yamada,jp JPN,FW,Cerezo Osaka,0.0,0,0,0,0,0,,,,,,,Matches
490,Kota Yamada\Kota-Yamada,jp JPN,MF,Marinos,0.7,0,0,0,2,1,,50.0,2.81,1.41,0.00,0.00,Matches
491,Naoki Yamada\Naoki-Yamada,jp JPN,MF,Urawa Reds,0.2,0,0,0,0,0,,,0.00,0.00,,,Matches
492,Naoki Yamada\Naoki-Yamada,jp JPN,MF,Shonan Bellmare,5.1,1,0,0,9,2,,22.2,1.78,0.39,0.11,0.50,Matches
493,Hotaru Yamaguchi\Hotaru-Yamaguchi,jp JPN,MF,Vissel Kobe,34.0,3,0,0,16,5,,31.3,0.47,0.15,0.19,0.60,Matches
494,Kazuki Yamaguchi\Kazuki-Yamaguchi,jp JPN,DF,Shonan Bellmare,1.3,0,0,0,2,2,,100.0,1.51,1.51,0.00,0.00,Matches
495,Kazuma Yamaguchi\Kazuma-Yamaguchi,jp JPN,MF,Kashima Antlers,1.4,0,0,0,2,1,,50.0,1.41,0.70,0.00,0.00,Matches
496,Hiroki Yamamoto\Hiroki-Yamamoto,jp JPN,FW,Yamaga,0.6,0,0,0,2,1,,50.0,3.16,1.58,0.00,0.00,Matches
497,Kosuke Yamamoto\Kosuke-Yamamoto,jp JPN,MF,Júbilo Iwata,12.3,2,0,0,11,3,,27.3,0.90,0.24,0.18,0.67,Matches
498,Masaki Yamamoto\Masaki-Yamamoto,jp JPN,MF,Yamaga,0.1,0,0,0,0,0,,,0.00,0.00,,,Matches
499,Shuto Yamamoto\Shuto-Yamamoto,jp JPN,DFMF,Kashima Antlers,3.9,0,0,0,3,2,,66.7,0.76,0.51,0.00,0.00,Matches
500,Kazuya Yamamura\Kazuya-Yamamura,jp JPN,DFMF,Kawa Frontale,10.4,2,0,0,8,3,,37.5,0.77,0.29,0.25,0.67,Matches
501,Ryosuke Yamanaka\Ryosuke-Yamanaka,jp JPN,MF,Urawa Reds,15.6,0,0,0,15,3,,20.0,0.96,0.19,0.00,0.00,Matches
502,Miki Yamane\Miki-Yamane,jp JPN,MF,Shonan Bellmare,29.5,2,0,0,18,7,,38.9,0.61,0.24,0.11,0.29,Matches
503,Ryogo Yamasaki\Ryogo-Yamasaki,jp JPN,FW,Shonan Bellmare,29.3,5,1,1,61,20,,32.8,2.08,0.68,0.07,0.20,Matches
504,Tatsuya Yamashita\Tatsuya-Yamashita,jp JPN,DF,Cerezo Osaka,4.9,1,0,0,2,1,,50.0,0.41,0.21,0.50,1.00,Matches
505,Yushi Yamaya\Yushi-Yamaya,jp JPN,FW,Marinos,0.3,0,0,0,3,2,,66.7,11.25,7.50,0.00,0.00,Matches
506,Takuya Yasui\Takuya-Yasui,jp JPN,MF,Vissel Kobe,4.0,0,0,0,4,1,,25.0,1.01,0.25,0.00,0.00,Matches
507,Koki Yonekura\Koki-Yonekura,jp JPN,DFMF,Gamba Osaka,3.8,0,0,0,6,0,,0.0,1.57,0.00,0.00,,Matches
508,Takuji Yonemoto\Takuji-Yonemoto,jp JPN,MF,Grampus,25.9,0,0,0,20,4,,20.0,0.77,0.15,0.00,0.00,Matches
509,Ryang Yong-gi\Ryang-Yong-gi,kp PRK,MF,Vegalta Sendai,3.1,0,0,0,2,0,,0.0,0.65,0.00,0.00,,Matches
510,An Yong-woo\An-Yong-woo,kr KOR,FW,Sagan Tosu,13.0,2,0,0,19,5,,26.3,1.47,0.39,0.11,0.40,Matches
511,Yutaka Yoshida\Yutaka-Yoshida,jp JPN,DF,Grampus,28.2,0,0,0,13,2,,15.4,0.46,0.07,0.00,0.00,Matches
512,Kenshin Yoshimaru\Kenshin-Yoshimaru,jp JPN,GK,Vissel Kobe,2.0,0,0,0,0,0,,,0.00,0.00,,,Matches
513,Kazunori Yoshimoto\Kazunori-Yoshimoto,jp JPN,DF,S-Pulse,4.9,0,0,0,4,0,,0.0,0.81,0.00,0.00,,Matches
514,Kyohei Yoshino\Kyohei-Yoshino,jp JPN,DF,Sanfrecce,14.5,0,0,0,2,0,,0.0,0.14,0.00,0.00,,Matches
515,Kaina Yoshio\Kaina-Yoshio,jp JPN,MF,Vegalta Sendai,9.8,2,0,0,20,7,,35.0,2.04,0.71,0.10,0.29,Matches
516,Kim Young-gwon\Kim-Young-gwon,kr KOR,DF,Gamba Osaka,32.0,1,0,0,12,4,,33.3,0.37,0.12,0.08,0.25,Matches
517,Koya Yuruki\Koya-Yuruki,jp JPN,MF,Urawa Reds,2.7,0,0,0,4,0,,0.0,1.49,0.00,0.00,,Matches